id,CO2_working_capacity [mL/g]
pretest_1,86.6387
pretest_2,136.56682
pretest_3,170.81499
pretest_4,62.67073
pretest_5,104.07346
pretest_6,440.4497
pretest_7,131.32469
pretest_8,79.65866
pretest_9,72.05833
pretest_10,516.18005
pretest_11,214.15608
pretest_12,192.13797
pretest_13,83.41833
pretest_14,234.39877
pretest_15,248.75809
pretest_16,72.83215
pretest_17,60.12996
pretest_18,63.09502
pretest_19,62.451202
pretest_20,179.8958
pretest_21,55.13316
pretest_22,198.88548
pretest_23,156.99216
pretest_24,118.76514
pretest_25,172.7211
pretest_26,166.32066
pretest_27,79.0234
pretest_28,104.700096
pretest_29,59.506027
pretest_30,137.50279
pretest_31,153.15237
pretest_32,69.26319
pretest_33,102.542854
pretest_34,67.99782
pretest_35,128.21199
pretest_36,94.68287
pretest_37,83.932625
pretest_38,72.20328
pretest_39,108.57142
pretest_40,124.030716
pretest_41,96.22979
pretest_42,241.41872
pretest_43,78.14911
pretest_44,172.05965
pretest_45,157.78293
pretest_46,163.84251
pretest_47,87.5476
pretest_48,153.52971
pretest_49,173.53526
pretest_50,52.79113
pretest_51,107.33754
pretest_52,80.14089
pretest_53,72.23862
pretest_54,150.69826
pretest_55,115.54976
pretest_56,68.92928
pretest_57,70.66483
pretest_58,110.07183
pretest_59,190.30806
pretest_60,91.564865
pretest_61,248.60785
pretest_62,90.91571
pretest_63,80.96575
pretest_64,174.46155
pretest_65,67.65157
pretest_66,149.6297
pretest_67,132.88075
pretest_68,117.40338
pretest_69,202.21947
pretest_70,81.69856
pretest_71,291.9788
pretest_72,170.55145
pretest_73,68.79914
pretest_74,191.6453
pretest_75,244.05032
pretest_76,154.11092
pretest_77,206.2325
pretest_78,101.08683
pretest_79,75.93913
pretest_80,118.79758
pretest_81,108.24062
pretest_82,176.05379
pretest_83,79.48204
pretest_84,256.9937
pretest_85,84.253685
pretest_86,64.0539
pretest_87,96.77464
pretest_88,204.33641
pretest_89,85.010155
pretest_90,160.69904
pretest_91,107.54462
pretest_92,188.59045
pretest_93,110.985725
pretest_94,192.72171
pretest_95,77.52862
pretest_96,189.02693
pretest_97,50.46619
pretest_98,85.743225
pretest_99,147.51497
pretest_100,68.30572
pretest_101,74.38763
pretest_102,88.698044
pretest_103,89.17165
pretest_104,114.858955
pretest_105,68.682594
pretest_106,106.020996
pretest_107,112.21954
pretest_108,235.69696
pretest_109,71.43214
pretest_110,87.30177
pretest_111,86.39828
pretest_112,125.691765
pretest_113,239.25803
pretest_114,85.90461
pretest_115,101.13022
pretest_116,77.44195
pretest_117,120.39087
pretest_118,106.738365
pretest_119,229.08267
pretest_120,125.30915
pretest_121,65.79628
pretest_122,98.874794
pretest_123,114.4234
pretest_124,113.826935
pretest_125,197.986
pretest_126,48.080143
pretest_127,116.34521
pretest_128,177.32597
pretest_129,64.444405
pretest_130,139.8627
pretest_131,195.37485
pretest_132,77.409546
pretest_133,294.38123
pretest_134,81.66226
pretest_135,223.79268
pretest_136,226.71303
pretest_137,204.55875
pretest_138,132.36694
pretest_139,83.66866
pretest_140,69.35511
pretest_141,107.10963
pretest_142,66.96299
pretest_143,91.90047
pretest_144,79.08368
pretest_145,62.124172
pretest_146,86.18985
pretest_147,87.39272
pretest_148,186.05295
pretest_149,131.3488
pretest_150,120.94334
pretest_151,69.30898
pretest_152,145.53809
pretest_153,101.306984
pretest_154,87.854774
pretest_155,466.71603
pretest_156,221.55852
pretest_157,65.762436
pretest_158,175.38144
pretest_159,104.78826
pretest_160,203.2396
pretest_161,166.18137
pretest_162,99.69038
pretest_163,117.52217
pretest_164,105.18995
pretest_165,131.15254
pretest_166,268.57162
pretest_167,352.03687
pretest_168,245.81712
pretest_169,87.4802
pretest_170,278.6504
pretest_171,177.07507
pretest_172,99.645386
pretest_173,87.01941
pretest_174,124.11437
pretest_175,201.39102
pretest_176,103.335625
pretest_177,86.48836
pretest_178,71.95861
pretest_179,155.51813
pretest_180,77.50239
pretest_181,81.67709
pretest_182,59.614983
pretest_183,111.35897
pretest_184,165.67203
pretest_185,91.642815
pretest_186,81.2931
pretest_187,81.778946
pretest_188,68.59688
pretest_189,129.21652
pretest_190,129.4342
pretest_191,78.59889
pretest_192,72.80948
pretest_193,84.47708
pretest_194,144.80878
pretest_195,127.53027
pretest_196,65.04868
pretest_197,218.69052
pretest_198,44.979668
pretest_199,64.81962
pretest_200,122.60765
pretest_201,119.89903
pretest_202,139.01164
pretest_203,36.232773
pretest_204,60.838776
pretest_205,115.56036
pretest_206,99.87135
pretest_207,65.82755
pretest_208,155.74855
pretest_209,74.99313
pretest_210,160.05927
pretest_211,68.9351
pretest_212,127.69988
pretest_213,200.3287
pretest_214,134.74178
pretest_215,90.32897
pretest_216,112.23305
pretest_217,94.9759
pretest_218,88.693535
pretest_219,146.35832
pretest_220,67.10185
pretest_221,84.428154
pretest_222,238.66423
pretest_223,98.25878
pretest_224,109.194176
pretest_225,73.14051
pretest_226,123.20184
pretest_227,103.466484
pretest_228,79.94953
pretest_229,304.13025
pretest_230,143.6659
pretest_231,81.75849
pretest_232,112.447075
pretest_233,71.47307
pretest_234,74.65209
pretest_235,120.33756
pretest_236,203.55775
pretest_237,102.58915
pretest_238,67.386765
pretest_239,146.91034
pretest_240,119.05202
pretest_241,94.13314
pretest_242,212.50517
pretest_243,214.14702
pretest_244,91.1074
pretest_245,106.55399
pretest_246,60.320133
pretest_247,91.69829
pretest_248,70.19303
pretest_249,163.55663
pretest_250,123.16824
pretest_251,121.649414
pretest_252,269.02585
pretest_253,288.21136
pretest_254,191.19759
pretest_255,254.70677
pretest_256,266.57077
pretest_257,114.04116
pretest_258,147.58409
pretest_259,440.84442
pretest_260,170.9423
pretest_261,73.58785
pretest_262,69.231995
pretest_263,165.38417
pretest_264,101.89597
pretest_265,177.58908
pretest_266,98.11055
pretest_267,256.12836
pretest_268,73.91125
pretest_269,59.05013
pretest_270,133.79224
pretest_271,96.51366
pretest_272,110.73167
pretest_273,92.19597
pretest_274,66.62642
pretest_275,69.60122
pretest_276,126.52747
pretest_277,76.53665
pretest_278,144.5218
pretest_279,217.2596
pretest_280,85.6415
pretest_281,363.15762
pretest_282,145.5786
pretest_283,176.82147
pretest_284,110.98377
pretest_285,98.52003
pretest_286,72.94108
pretest_287,137.99353
pretest_288,49.14237
pretest_289,137.38148
pretest_290,180.44763
pretest_291,166.93361
pretest_292,166.23145
pretest_293,94.88748
pretest_294,249.94238
pretest_295,64.94625
pretest_296,309.0642
pretest_297,58.579742
pretest_298,162.19896
pretest_299,205.84439
pretest_300,49.555904
pretest_301,156.08705
pretest_302,113.0375
pretest_303,83.828606
pretest_304,286.86148
pretest_305,119.39475
pretest_306,223.3409
pretest_307,49.791016
pretest_308,119.90455
pretest_309,163.73952
pretest_310,108.9923
pretest_311,127.58153
pretest_312,65.027176
pretest_313,102.19288
pretest_314,91.97436
pretest_315,177.431
pretest_316,131.89647
pretest_317,98.90438
pretest_318,83.1184
pretest_319,73.28335
pretest_320,154.60616
pretest_321,132.79913
pretest_322,101.79995
pretest_323,139.06886
pretest_324,88.50213
pretest_325,119.25538
pretest_326,150.72522
pretest_327,122.13822
pretest_328,63.32463
pretest_329,69.11513
pretest_330,65.09367
pretest_331,183.32129
pretest_332,140.52255
pretest_333,105.495865
pretest_334,68.569496
pretest_335,92.36346
pretest_336,127.224144
pretest_337,106.72838
pretest_338,272.90634
pretest_339,423.97958
pretest_340,175.10057
pretest_341,68.62975
pretest_342,74.59315
pretest_343,117.6981
pretest_344,192.10197
pretest_345,386.07474
pretest_346,138.08662
pretest_347,217.12192
pretest_348,278.42365
pretest_349,88.72145
pretest_350,227.94861
pretest_351,84.85715
pretest_352,71.942986
pretest_353,85.38761
pretest_354,80.50601
pretest_355,61.055103
pretest_356,150.78168
pretest_357,170.69107
pretest_358,94.01591
pretest_359,76.905106
pretest_360,532.98035
pretest_361,96.33657
pretest_362,63.298832
pretest_363,281.43237
pretest_364,86.97183
pretest_365,91.03016
pretest_366,209.73122
pretest_367,436.7477
pretest_368,225.68578
pretest_369,97.903
pretest_370,300.67828
pretest_371,173.92451
pretest_372,115.14494
pretest_373,257.46118
pretest_374,115.37298
pretest_375,58.442234
pretest_376,97.028496
pretest_377,143.55489
pretest_378,246.13016
pretest_379,59.839005
pretest_380,184.88599
pretest_381,52.827137
pretest_382,257.5848
pretest_383,379.62466
pretest_384,103.15499
pretest_385,76.435974
pretest_386,75.11487
pretest_387,189.29118
pretest_388,198.6607
pretest_389,217.03545
pretest_390,115.17825
pretest_391,71.40835
pretest_392,86.68186
pretest_393,203.38779
pretest_394,234.05463
pretest_395,234.61609
pretest_396,83.282906
pretest_397,116.63911
pretest_398,213.49298
pretest_399,84.604614
pretest_400,145.56442
pretest_401,106.447395
pretest_402,70.23238
pretest_403,81.392876
pretest_404,79.94988
pretest_405,212.45686
pretest_406,77.447975
pretest_407,116.16579
pretest_408,120.03316
pretest_409,64.55424
pretest_410,88.87968
pretest_411,299.404
pretest_412,97.938736
pretest_413,117.664955
pretest_414,178.03607
pretest_415,129.53334
pretest_416,86.31657
pretest_417,101.28161
pretest_418,193.8366
pretest_419,219.80919
pretest_420,80.8502
pretest_421,70.20547
pretest_422,98.059074
pretest_423,76.136536
pretest_424,254.55649
pretest_425,300.97137
pretest_426,78.409294
pretest_427,101.686356
pretest_428,168.26193
pretest_429,181.4569
pretest_430,208.03563
pretest_431,233.74278
pretest_432,177.02324
pretest_433,224.56447
pretest_434,374.87488
pretest_435,73.321175
pretest_436,71.263725
pretest_437,108.20466
pretest_438,58.619293
pretest_439,175.04207
pretest_440,87.64568
pretest_441,111.419716
pretest_442,127.93967
pretest_443,271.71817
pretest_444,54.444496
pretest_445,67.09019
pretest_446,61.442596
pretest_447,107.54793
pretest_448,263.2566
pretest_449,87.87908
pretest_450,67.529076
pretest_451,396.70203
pretest_452,70.65822
pretest_453,72.30903
pretest_454,76.685875
pretest_455,150.84036
pretest_456,54.35537
pretest_457,94.7051
pretest_458,315.08478
pretest_459,96.63091
pretest_460,143.00142
pretest_461,83.88737
pretest_462,301.73627
pretest_463,233.07175
pretest_464,100.548775
pretest_465,429.07245
pretest_466,84.48217
pretest_467,105.79964
pretest_468,182.97725
pretest_469,245.38312
pretest_470,117.94162
pretest_471,210.10329
pretest_472,230.59023
pretest_473,115.1607
pretest_474,244.49304
pretest_475,451.9051
pretest_476,209.5527
pretest_477,88.76766
pretest_478,37.504883
pretest_479,101.77584
pretest_480,239.67947
pretest_481,114.71925
pretest_482,184.84546
pretest_483,113.28821
pretest_484,81.25135
pretest_485,132.9629
pretest_486,91.84908
pretest_487,108.50878
pretest_488,107.34655
pretest_489,100.498764
pretest_490,125.3276
pretest_491,73.93105
pretest_492,59.78228
pretest_493,101.226204
pretest_494,126.338905
pretest_495,111.782936
pretest_496,94.0445
pretest_497,75.702065
pretest_498,110.73595
pretest_499,242.96013
pretest_500,243.04716
pretest_501,115.19582
pretest_502,124.7188
pretest_503,339.78976
pretest_504,128.95677
pretest_505,96.43101
pretest_506,75.30675
pretest_507,87.79599
pretest_508,223.26324
pretest_509,64.14253
pretest_510,177.55937
pretest_511,430.4587
pretest_512,278.5086
pretest_513,57.27005
pretest_514,223.01665
pretest_515,68.21538
pretest_516,135.2252
pretest_517,134.49687
pretest_518,59.57603
pretest_519,59.33404
pretest_520,91.1838
pretest_521,91.95286
pretest_522,225.16223
pretest_523,110.503746
pretest_524,89.241325
pretest_525,82.1444
pretest_526,93.8968
pretest_527,118.93793
pretest_528,69.018684
pretest_529,266.87265
pretest_530,69.30098
pretest_531,48.933052
pretest_532,255.29631
pretest_533,155.0794
pretest_534,83.734764
pretest_535,115.3227
pretest_536,65.31443
pretest_537,394.59424
pretest_538,188.09654
pretest_539,73.20568
pretest_540,73.0192
pretest_541,92.07375
pretest_542,141.20764
pretest_543,210.43977
pretest_544,58.000866
pretest_545,113.97887
pretest_546,214.67181
pretest_547,228.09308
pretest_548,289.40088
pretest_549,230.03226
pretest_550,146.84366
pretest_551,71.192215
pretest_552,230.89937
pretest_553,129.03271
pretest_554,182.85675
pretest_555,74.88247
pretest_556,225.02646
pretest_557,171.21004
pretest_558,255.41553
pretest_559,138.71777
pretest_560,84.412865
pretest_561,117.266815
pretest_562,109.25848
pretest_563,115.342285
pretest_564,55.042984
pretest_565,117.577995
pretest_566,168.89787
pretest_567,149.95279
pretest_568,210.54405
pretest_569,173.95709
pretest_570,233.58923
pretest_571,382.58102
pretest_572,62.107258
pretest_573,78.33003
pretest_574,184.1351
pretest_575,79.02813
pretest_576,138.21451
pretest_577,91.11271
pretest_578,99.08482
pretest_579,339.6865
pretest_580,162.42831
pretest_581,114.849434
pretest_582,97.4096
pretest_583,87.17422
pretest_584,320.23758
pretest_585,120.41523
pretest_586,159.00838
pretest_587,134.88783
pretest_588,70.7137
pretest_589,162.95891
pretest_590,138.38976
pretest_591,195.5718
pretest_592,148.35387
pretest_593,100.07995
pretest_594,72.62838
pretest_595,114.202415
pretest_596,83.8095
pretest_597,71.14532
pretest_598,200.89935
pretest_599,212.872
pretest_600,147.79297
pretest_601,249.96495
pretest_602,65.16341
pretest_603,319.96442
pretest_604,195.53262
pretest_605,64.738396
pretest_606,108.567375
pretest_607,96.018776
pretest_608,137.50815
pretest_609,56.702835
pretest_610,89.174446
pretest_611,139.8057
pretest_612,92.581375
pretest_613,203.75499
pretest_614,199.34091
pretest_615,90.133644
pretest_616,107.54649
pretest_617,94.736
pretest_618,266.6339
pretest_619,83.539375
pretest_620,144.50797
pretest_621,108.871155
pretest_622,53.059326
pretest_623,87.863686
pretest_624,172.79608
pretest_625,164.94087
pretest_626,282.42023
pretest_627,143.319
pretest_628,215.81787
pretest_629,97.19163
pretest_630,79.95957
pretest_631,151.55154
pretest_632,64.21772
pretest_633,224.20699
pretest_634,68.610954
pretest_635,89.977196
pretest_636,137.84883
pretest_637,71.529755
pretest_638,170.60161
pretest_639,86.068275
pretest_640,71.814606
pretest_641,59.293884
pretest_642,83.551216
pretest_643,87.976036
pretest_644,381.90848
pretest_645,142.46849
pretest_646,88.74625
pretest_647,219.65018
pretest_648,117.772545
pretest_649,61.735176
pretest_650,405.77878
pretest_651,62.085064
pretest_652,151.23268
pretest_653,113.67942
pretest_654,135.41626
pretest_655,71.26275
pretest_656,86.71257
pretest_657,159.93185
pretest_658,177.53581
pretest_659,63.604404
pretest_660,197.2706
pretest_661,75.50464
pretest_662,76.12681
pretest_663,72.47093
pretest_664,297.20837
pretest_665,99.32583
pretest_666,133.20576
pretest_667,182.27739
pretest_668,85.88094
pretest_669,70.69083
pretest_670,68.53449
pretest_671,362.27603
pretest_672,146.8799
pretest_673,136.19229
pretest_674,86.587746
pretest_675,109.71142
pretest_676,113.37203
pretest_677,406.4376
pretest_678,212.00464
pretest_679,75.17431
pretest_680,82.67455
pretest_681,85.252304
pretest_682,93.22912
pretest_683,304.20612
pretest_684,140.6853
pretest_685,192.02287
pretest_686,139.97528
pretest_687,183.75325
pretest_688,95.66084
pretest_689,68.9047
pretest_690,209.20593
pretest_691,296.03375
pretest_692,78.96724
pretest_693,73.83265
pretest_694,152.29872
pretest_695,254.3945
pretest_696,115.29051
pretest_697,91.01995
pretest_698,128.9909
pretest_699,91.24815
pretest_700,257.2506
pretest_701,153.52579
pretest_702,101.396835
pretest_703,146.81487
pretest_704,91.89219
pretest_705,191.64665
pretest_706,80.48406
pretest_707,240.40982
pretest_708,165.91876
pretest_709,100.22457
pretest_710,131.20164
pretest_711,72.68623
pretest_712,59.568092
pretest_713,128.69753
pretest_714,74.08315
pretest_715,58.398746
pretest_716,88.51901
pretest_717,300.76584
pretest_718,428.4482
pretest_719,134.38681
pretest_720,98.49681
pretest_721,195.52527
pretest_722,215.25807
pretest_723,153.98978
pretest_724,83.641846
pretest_725,82.51248
pretest_726,147.75542
pretest_727,114.285995
pretest_728,318.09805
pretest_729,57.25802
pretest_730,74.12534
pretest_731,234.28137
pretest_732,78.45919
pretest_733,269.41016
pretest_734,64.709526
pretest_735,106.35644
pretest_736,175.00511
pretest_737,223.7675
pretest_738,218.01767
pretest_739,205.13565
pretest_740,62.83022
pretest_741,65.211266
pretest_742,57.342052
pretest_743,92.81529
pretest_744,97.415146
pretest_745,229.54138
pretest_746,231.86862
pretest_747,177.79807
pretest_748,118.78771
pretest_749,71.87907
pretest_750,140.13992
pretest_751,102.52239
pretest_752,265.89496
pretest_753,86.22175
pretest_754,179.15184
pretest_755,158.75334
pretest_756,75.462524
pretest_757,102.751595
pretest_758,203.95131
pretest_759,101.2356
pretest_760,187.97923
pretest_761,157.23438
pretest_762,155.76926
pretest_763,66.99886
pretest_764,115.36166
pretest_765,159.61658
pretest_766,79.544914
pretest_767,363.2935
pretest_768,120.43133
pretest_769,83.485146
pretest_770,93.77848
pretest_771,89.76522
pretest_772,183.45941
pretest_773,59.67852
pretest_774,80.962654
pretest_775,132.04253
pretest_776,199.77264
pretest_777,128.48547
pretest_778,119.82378
pretest_779,218.65091
pretest_780,100.94496
pretest_781,81.75929
pretest_782,236.45888
pretest_783,99.262825
pretest_784,83.89607
pretest_785,169.69539
pretest_786,149.0586
pretest_787,69.28353
pretest_788,168.67783
pretest_789,133.15636
pretest_790,53.089005
pretest_791,153.12929
pretest_792,181.35948
pretest_793,77.85268
pretest_794,60.040176
pretest_795,86.42127
pretest_796,86.44698
pretest_797,96.08845
pretest_798,86.350914
pretest_799,62.187996
pretest_800,101.77057
pretest_801,192.49356
pretest_802,74.209496
pretest_803,50.257095
pretest_804,62.533054
pretest_805,96.42535
pretest_806,116.80249
pretest_807,187.37056
pretest_808,124.46058
pretest_809,112.85944
pretest_810,86.38511
pretest_811,166.10594
pretest_812,79.11532
pretest_813,105.85413
pretest_814,80.73037
pretest_815,340.68817
pretest_816,244.15103
pretest_817,119.63489
pretest_818,54.937
pretest_819,353.66718
pretest_820,135.21564
pretest_821,256.03128
pretest_822,61.476475
pretest_823,87.49492
pretest_824,230.58197
pretest_825,71.463356
pretest_826,65.58604
pretest_827,128.40016
pretest_828,52.75552
pretest_829,66.2762
pretest_830,77.583984
pretest_831,207.867
pretest_832,84.37772
pretest_833,78.79547
pretest_834,113.795135
pretest_835,68.09373
pretest_836,161.37096
pretest_837,77.43212
pretest_838,74.480644
pretest_839,240.08226
pretest_840,57.573273
pretest_841,78.79626
pretest_842,171.16235
pretest_843,322.69962
pretest_844,125.50556
pretest_845,107.219315
pretest_846,230.80823
pretest_847,256.2139
pretest_848,93.058945
pretest_849,323.63898
pretest_850,88.01585
pretest_851,84.41307
pretest_852,112.712234
pretest_853,135.15463
pretest_854,110.46982
pretest_855,126.67364
pretest_856,175.38914
pretest_857,74.44844
pretest_858,227.53534
pretest_859,81.285805
pretest_860,232.3386
pretest_861,209.01259
pretest_862,59.492542
pretest_863,79.23713
pretest_864,57.73529
pretest_865,268.4965
pretest_866,82.08348
pretest_867,65.51651
pretest_868,288.57703
pretest_869,95.2424
pretest_870,81.29496
pretest_871,101.85413
pretest_872,69.67527
pretest_873,219.84001
pretest_874,194.52048
pretest_875,141.92426
pretest_876,161.05617
pretest_877,80.617935
pretest_878,100.0466
pretest_879,57.492493
pretest_880,131.09644
pretest_881,220.08041
pretest_882,114.86003
pretest_883,144.2788
pretest_884,132.98639
pretest_885,81.17158
pretest_886,72.59459
pretest_887,68.6403
pretest_888,84.16572
pretest_889,134.44365
pretest_890,176.41902
pretest_891,306.00272
pretest_892,79.712456
pretest_893,111.61705
pretest_894,170.45152
pretest_895,67.01981
pretest_896,85.571175
pretest_897,360.3695
pretest_898,72.00828
pretest_899,72.514244
pretest_900,101.301216
pretest_901,201.19685
pretest_902,67.07766
pretest_903,70.61117
pretest_904,76.97385
pretest_905,107.61029
pretest_906,107.631546
pretest_907,205.608
pretest_908,75.652565
pretest_909,284.34195
pretest_910,120.70747
pretest_911,130.31592
pretest_912,135.87372
pretest_913,194.64632
pretest_914,74.24819
pretest_915,82.57824
pretest_916,115.640274
pretest_917,84.79393
pretest_918,112.14221
pretest_919,136.32857
pretest_920,330.37848
pretest_921,95.5097
pretest_922,91.31791
pretest_923,33.428146
pretest_924,65.93248
pretest_925,94.33883
pretest_926,61.676956
pretest_927,191.80286
pretest_928,53.039654
pretest_929,62.095448
pretest_930,84.96082
pretest_931,279.69904
pretest_932,66.49842
pretest_933,163.56561
pretest_934,92.66608
pretest_935,158.85764
pretest_936,228.93341
pretest_937,87.820114
pretest_938,140.51949
pretest_939,111.86817
pretest_940,355.17026
pretest_941,87.72893
pretest_942,200.18799
pretest_943,86.52349
pretest_944,226.32262
pretest_945,81.61404
pretest_946,319.8646
pretest_947,449.57672
pretest_948,108.54481
pretest_949,137.16322
pretest_950,170.63751
pretest_951,76.29704
pretest_952,140.17552
pretest_953,181.20894
pretest_954,245.03806
pretest_955,125.23191
pretest_956,186.26349
pretest_957,109.75141
pretest_958,67.08297
pretest_959,71.60915
pretest_960,190.74678
pretest_961,152.67021
pretest_962,78.50456
pretest_963,69.67634
pretest_964,60.207294
pretest_965,88.33282
pretest_966,101.36368
pretest_967,81.50837
pretest_968,230.13615
pretest_969,117.12867
pretest_970,118.111626
pretest_971,87.20446
pretest_972,112.354996
pretest_973,306.91385
pretest_974,67.647514
pretest_975,252.07358
pretest_976,79.17515
pretest_977,123.76746
pretest_978,158.63002
pretest_979,96.20023
pretest_980,213.7922
pretest_981,55.832737
pretest_982,135.22304
pretest_983,192.37477
pretest_984,156.01996
pretest_985,77.97421
pretest_986,178.55913
pretest_987,41.497128
pretest_988,234.32849
pretest_989,59.010773
pretest_990,89.8881
pretest_991,332.8095
pretest_992,76.78181
pretest_993,68.646416
pretest_994,81.09683
pretest_995,61.104042
pretest_996,125.22828
pretest_997,221.55054
pretest_998,82.744774
pretest_999,172.7896
pretest_1000,116.63269
pretest_1001,61.75321
pretest_1002,166.98138
pretest_1003,63.549805
pretest_1004,60.849735
pretest_1005,83.87428
pretest_1006,110.71571
pretest_1007,88.7494
pretest_1008,49.255447
pretest_1009,124.13778
pretest_1010,137.17482
pretest_1011,120.19574
pretest_1012,142.4518
pretest_1013,253.5484
pretest_1014,103.387764
pretest_1015,209.94936
pretest_1016,60.31745
pretest_1017,108.38193
pretest_1018,113.59137
pretest_1019,121.29095
pretest_1020,55.89217
pretest_1021,102.269005
pretest_1022,75.20362
pretest_1023,91.94351
pretest_1024,81.82608
pretest_1025,63.651554
pretest_1026,307.02744
pretest_1027,74.73824
pretest_1028,211.17897
pretest_1029,149.99411
pretest_1030,290.44724
pretest_1031,67.01019
pretest_1032,79.5019
pretest_1033,70.527794
pretest_1034,78.228615
pretest_1035,85.54301
pretest_1036,93.755
pretest_1037,88.34701
pretest_1038,62.299324
pretest_1039,57.09494
pretest_1040,72.70754
pretest_1041,82.590935
pretest_1042,70.54476
pretest_1043,81.00445
pretest_1044,256.77274
pretest_1045,61.11458
pretest_1046,267.46796
pretest_1047,63.727524
pretest_1048,70.251366
pretest_1049,89.49311
pretest_1050,89.91973
pretest_1051,154.53812
pretest_1052,122.92462
pretest_1053,266.3306
pretest_1054,93.31452
pretest_1055,437.5572
pretest_1056,81.0002
pretest_1057,234.66714
pretest_1058,160.87772
pretest_1059,180.80916
pretest_1060,102.96067
pretest_1061,234.98692
pretest_1062,92.88236
pretest_1063,128.27405
pretest_1064,63.21265
pretest_1065,201.36395
pretest_1066,84.482994
pretest_1067,72.136314
pretest_1068,119.11377
pretest_1069,122.56564
pretest_1070,126.779335
pretest_1071,110.481964
pretest_1072,66.16301
pretest_1073,244.67625
pretest_1074,112.9117
pretest_1075,65.332344
pretest_1076,58.2665
pretest_1077,181.77591
pretest_1078,85.361916
pretest_1079,92.74865
pretest_1080,119.01471
pretest_1081,81.98014
pretest_1082,341.91013
pretest_1083,82.565216
pretest_1084,78.94475
pretest_1085,85.41981
pretest_1086,103.87587
pretest_1087,72.92792
pretest_1088,60.10948
pretest_1089,111.03439
pretest_1090,63.762115
pretest_1091,183.94385
pretest_1092,215.96431
pretest_1093,213.22365
pretest_1094,54.466724
pretest_1095,83.81567
pretest_1096,295.2441
pretest_1097,187.08432
pretest_1098,419.59973
pretest_1099,175.85071
pretest_1100,56.533283
pretest_1101,122.694855
pretest_1102,74.02105
pretest_1103,74.07749
pretest_1104,95.89029
pretest_1105,104.13504
pretest_1106,87.909294
pretest_1107,111.56782
pretest_1108,99.169136
pretest_1109,64.73806
pretest_1110,175.46056
pretest_1111,338.7537
pretest_1112,189.8104
pretest_1113,63.019768
pretest_1114,68.32672
pretest_1115,67.33344
pretest_1116,90.19473
pretest_1117,121.0984
pretest_1118,102.181046
pretest_1119,109.6376
pretest_1120,92.04651
pretest_1121,182.48518
pretest_1122,228.59541
pretest_1123,56.551235
pretest_1124,238.84807
pretest_1125,257.08853
pretest_1126,69.642815
pretest_1127,145.48706
pretest_1128,67.99683
pretest_1129,96.449905
pretest_1130,176.52571
pretest_1131,329.90427
pretest_1132,77.21136
pretest_1133,184.1104
pretest_1134,194.88077
pretest_1135,82.01388
pretest_1136,95.72226
pretest_1137,106.6061
pretest_1138,85.82553
pretest_1139,98.08856
pretest_1140,91.011086
pretest_1141,90.3791
pretest_1142,68.537445
pretest_1143,68.98355
pretest_1144,322.011
pretest_1145,99.83061
pretest_1146,286.08597
pretest_1147,276.88895
pretest_1148,129.74886
pretest_1149,90.06068
pretest_1150,235.12648
pretest_1151,170.31151
pretest_1152,104.38912
pretest_1153,86.76582
pretest_1154,158.96866
pretest_1155,109.69652
pretest_1156,65.47149
pretest_1157,195.14113
pretest_1158,52.127476
pretest_1159,63.064335
pretest_1160,99.49768
pretest_1161,59.880257
pretest_1162,96.37997
pretest_1163,154.80222
pretest_1164,155.70999
pretest_1165,235.69261
pretest_1166,68.92397
pretest_1167,125.27067
pretest_1168,109.47697
pretest_1169,75.947685
pretest_1170,196.9098
pretest_1171,136.88824
pretest_1172,79.376076
pretest_1173,124.510826
pretest_1174,100.05338
pretest_1175,222.4167
pretest_1176,110.4127
pretest_1177,185.39061
pretest_1178,134.96207
pretest_1179,90.05623
pretest_1180,125.54037
pretest_1181,152.38643
pretest_1182,61.64382
pretest_1183,91.21913
pretest_1184,83.60932
pretest_1185,93.22051
pretest_1186,167.50458
pretest_1187,141.46312
pretest_1188,236.03886
pretest_1189,108.20634
pretest_1190,67.46824
pretest_1191,211.23721
pretest_1192,83.59979
pretest_1193,277.179
pretest_1194,174.43944
pretest_1195,285.98557
pretest_1196,174.32158
pretest_1197,112.90502
pretest_1198,240.46135
pretest_1199,78.1479
pretest_1200,73.57845
pretest_1201,136.98358
pretest_1202,76.51211
pretest_1203,149.63031
pretest_1204,136.28934
pretest_1205,261.47977
pretest_1206,117.05579
pretest_1207,66.85546
pretest_1208,301.44678
pretest_1209,53.46177
pretest_1210,150.16718
pretest_1211,98.22191
pretest_1212,150.8229
pretest_1213,80.989624
pretest_1214,132.18317
pretest_1215,81.49253
pretest_1216,258.72617
pretest_1217,89.13447
pretest_1218,139.78468
pretest_1219,210.83015
pretest_1220,102.58206
pretest_1221,98.56553
pretest_1222,90.38929
pretest_1223,231.43164
pretest_1224,65.4883
pretest_1225,109.18372
pretest_1226,156.4673
pretest_1227,145.61632
pretest_1228,89.017555
pretest_1229,69.596466
pretest_1230,210.51044
pretest_1231,79.88813
pretest_1232,169.84377
pretest_1233,158.21878
pretest_1234,63.692753
pretest_1235,86.05946
pretest_1236,104.27274
pretest_1237,452.09827
pretest_1238,101.5693
pretest_1239,55.866367
pretest_1240,126.52825
pretest_1241,158.8079
pretest_1242,82.91963
pretest_1243,95.082306
pretest_1244,87.584526
pretest_1245,56.08413
pretest_1246,86.4497
pretest_1247,98.802
pretest_1248,119.23246
pretest_1249,111.32939
pretest_1250,117.68421
pretest_1251,71.93027
pretest_1252,122.76765
pretest_1253,68.78222
pretest_1254,106.472885
pretest_1255,201.85675
pretest_1256,207.97002
pretest_1257,85.509224
pretest_1258,80.31623
pretest_1259,156.54437
pretest_1260,76.449684
pretest_1261,248.9834
pretest_1262,17.307142
pretest_1263,327.53656
pretest_1264,104.11178
pretest_1265,90.68656
pretest_1266,62.01178
pretest_1267,110.369896
pretest_1268,107.12815
pretest_1269,97.51482
pretest_1270,81.319954
pretest_1271,67.8016
pretest_1272,198.9325
pretest_1273,60.147076
pretest_1274,135.53217
pretest_1275,104.279274
pretest_1276,128.98514
pretest_1277,80.7857
pretest_1278,53.714207
pretest_1279,110.63083
pretest_1280,199.64897
pretest_1281,114.2247
pretest_1282,119.466606
pretest_1283,61.399624
pretest_1284,112.42306
pretest_1285,181.6407
pretest_1286,58.557953
pretest_1287,91.52438
pretest_1288,204.21452
pretest_1289,84.94428
pretest_1290,69.182396
pretest_1291,110.18087
pretest_1292,218.54211
pretest_1293,87.41986
pretest_1294,62.51814
pretest_1295,159.11781
pretest_1296,118.15345
pretest_1297,277.45724
pretest_1298,62.787804
pretest_1299,57.776104
pretest_1300,130.49417
pretest_1301,86.49908
pretest_1302,60.7788
pretest_1303,68.758316
pretest_1304,61.090416
pretest_1305,75.400154
pretest_1306,58.13558
pretest_1307,89.31226
pretest_1308,226.51662
pretest_1309,157.51938
pretest_1310,150.48805
pretest_1311,131.02432
pretest_1312,90.64013
pretest_1313,86.58371
pretest_1314,91.962555
pretest_1315,69.21787
pretest_1316,93.264015
pretest_1317,55.215958
pretest_1318,84.02178
pretest_1319,88.40951
pretest_1320,86.43772
pretest_1321,265.9191
pretest_1322,53.309406
pretest_1323,97.484856
pretest_1324,80.23707
pretest_1325,66.24227
pretest_1326,97.88906
pretest_1327,156.3758
pretest_1328,150.92068
pretest_1329,253.14223
pretest_1330,171.6923
pretest_1331,66.73299
pretest_1332,111.423836
pretest_1333,70.71039
pretest_1334,84.64321
pretest_1335,73.45075
pretest_1336,52.592003
pretest_1337,106.60778
pretest_1338,70.31714
pretest_1339,102.639015
pretest_1340,74.14061
pretest_1341,73.03874
pretest_1342,149.67809
pretest_1343,75.79206
pretest_1344,167.81155
pretest_1345,81.486145
pretest_1346,66.96895
pretest_1347,76.96757
pretest_1348,251.09442
pretest_1349,195.64989
pretest_1350,61.37172
pretest_1351,241.73055
pretest_1352,89.1209
pretest_1353,64.375465
pretest_1354,98.01628
pretest_1355,85.55913
pretest_1356,64.29573
pretest_1357,60.753746
pretest_1358,133.99109
pretest_1359,146.74165
pretest_1360,73.63412
pretest_1361,361.3416
pretest_1362,160.98528
pretest_1363,77.503525
pretest_1364,43.67665
pretest_1365,78.31676
pretest_1366,71.03597
pretest_1367,108.742935
pretest_1368,189.60715
pretest_1369,67.294586
pretest_1370,159.73228
pretest_1371,180.75943
pretest_1372,421.58737
pretest_1373,57.815353
pretest_1374,97.09806
pretest_1375,95.125435
pretest_1376,70.76754
pretest_1377,220.3457
pretest_1378,146.146
pretest_1379,160.55928
pretest_1380,246.42036
pretest_1381,146.28284
pretest_1382,88.829414
pretest_1383,88.59256
pretest_1384,62.93957
pretest_1385,257.03738
pretest_1386,174.36482
pretest_1387,87.69213
pretest_1388,300.65762
pretest_1389,91.48563
pretest_1390,175.82469
pretest_1391,77.9551
pretest_1392,132.88068
pretest_1393,129.17113
pretest_1394,205.91698
pretest_1395,92.45008
pretest_1396,84.52973
pretest_1397,265.68997
pretest_1398,70.528656
pretest_1399,124.77504
pretest_1400,105.611
pretest_1401,298.43732
pretest_1402,124.65251
pretest_1403,54.58718
pretest_1404,149.7463
pretest_1405,237.37183
pretest_1406,132.42679
pretest_1407,102.60195
pretest_1408,118.8371
pretest_1409,58.63058
pretest_1410,105.13795
pretest_1411,87.8827
pretest_1412,102.879585
pretest_1413,90.645035
pretest_1414,55.246456
pretest_1415,78.54025
pretest_1416,149.0157
pretest_1417,56.80149
pretest_1418,72.27483
pretest_1419,305.29242
pretest_1420,251.59682
pretest_1421,82.54373
pretest_1422,61.464424
pretest_1423,324.51938
pretest_1424,65.428474
pretest_1425,105.477234
pretest_1426,121.28223
pretest_1427,78.2899
pretest_1428,81.51695
pretest_1429,84.74028
pretest_1430,111.64239
pretest_1431,82.56539
pretest_1432,76.189705
pretest_1433,130.38037
pretest_1434,94.47775
pretest_1435,263.21573
pretest_1436,91.29153
pretest_1437,102.204926
pretest_1438,302.28937
pretest_1439,457.16263
pretest_1440,135.65068
pretest_1441,177.31856
pretest_1442,146.02066
pretest_1443,124.525536
pretest_1444,169.18005
pretest_1445,227.92122
pretest_1446,70.20164
pretest_1447,181.58585
pretest_1448,125.05212
pretest_1449,71.503
pretest_1450,47.92522
pretest_1451,65.35359
pretest_1452,66.103905
pretest_1453,130.04527
pretest_1454,116.82499
pretest_1455,223.85236
pretest_1456,260.5928
pretest_1457,119.650635
pretest_1458,60.108833
pretest_1459,340.4217
pretest_1460,76.62577
pretest_1461,95.9814
pretest_1462,73.84062
pretest_1463,63.993538
pretest_1464,115.52497
pretest_1465,73.461464
pretest_1466,162.31277
pretest_1467,107.24441
pretest_1468,87.410255
pretest_1469,431.01782
pretest_1470,401.6612
pretest_1471,48.482155
pretest_1472,173.97005
pretest_1473,71.70054
pretest_1474,49.02699
pretest_1475,73.27632
pretest_1476,83.71607
pretest_1477,81.77497
pretest_1478,60.978592
pretest_1479,240.27612
pretest_1480,195.36418
pretest_1481,73.35424
pretest_1482,340.47134
pretest_1483,93.20825
pretest_1484,74.39803
pretest_1485,294.4
pretest_1486,52.335804
pretest_1487,79.89842
pretest_1488,286.4494
pretest_1489,72.28979
pretest_1490,86.58399
pretest_1491,196.79152
pretest_1492,64.438675
pretest_1493,96.07165
pretest_1494,480.4098
pretest_1495,126.61562
pretest_1496,59.34661
pretest_1497,67.47948
pretest_1498,148.19151
pretest_1499,85.32279
pretest_1500,103.83509
pretest_1501,0.29301965
pretest_1502,-2.820285
pretest_1503,-7.4948583
pretest_1504,2.939729
pretest_1505,-6.0954037
pretest_1506,0.54552376
pretest_1507,-6.870834
pretest_1508,-8.823332
pretest_1509,-2.5814483
pretest_1510,0.50527275
pretest_1511,5.362922
pretest_1512,4.924954
pretest_1513,0.23356824
pretest_1514,-8.06965
pretest_1515,5.663128
pretest_1516,-3.2163343
pretest_1517,-7.7733183
pretest_1518,37.44351
pretest_1519,-1.8350681
pretest_1520,1.7429069
pretest_1521,1.6894376
pretest_1522,2.6005375
pretest_1523,-0.10862486
pretest_1524,-4.0482907
pretest_1525,-0.28840974
pretest_1526,2.7589698
pretest_1527,16.987373
pretest_1528,-3.748758
pretest_1529,15.914085
pretest_1530,34.585102
pretest_1531,1.5623327
pretest_1532,-1.6899263
pretest_1533,-5.090954
pretest_1534,-4.1921563
pretest_1535,-3.444455
pretest_1536,-9.70619
pretest_1537,4.447783
pretest_1538,-2.7684264
pretest_1539,0.5994865
pretest_1540,4.7718234
pretest_1541,2.1579065
pretest_1542,-1.4113517
pretest_1543,2.8752425
pretest_1544,-9.615277
pretest_1545,-7.8807807
pretest_1546,5.9906573
pretest_1547,1.2026627
pretest_1548,1.1046243
pretest_1549,-6.2820725
pretest_1550,-3.9271555
pretest_1551,-1.1714294
pretest_1552,-3.56511
pretest_1553,-12.272653
pretest_1554,-6.589982
pretest_1555,5.2771482
pretest_1556,-2.418552
pretest_1557,2.3733003
pretest_1558,4.5949516
pretest_1559,3.6373923
pretest_1560,2.4693193
pretest_1561,0.5874101
pretest_1562,5.3790603
pretest_1563,-2.9852393
pretest_1564,1.278846
pretest_1565,-4.769189
pretest_1566,-0.45679846
pretest_1567,81.14408
pretest_1568,-7.0032434
pretest_1569,74.59263
pretest_1570,10.728994
pretest_1571,1.825205
pretest_1572,1.0789162
pretest_1573,-2.5104797
pretest_1574,-3.0775003
pretest_1575,-5.1415224
pretest_1576,-10.290479
pretest_1577,3.1933742
pretest_1578,43.98578
pretest_1579,-1.499348
pretest_1580,-2.9100907
pretest_1581,-4.2983713
pretest_1582,-3.0623198
pretest_1583,0.5874101
pretest_1584,0.6699023
pretest_1585,7.9751077
pretest_1586,-3.71514
pretest_1587,3.3177054
pretest_1588,2.814434
pretest_1589,-6.3712935
pretest_1590,-8.497798
pretest_1591,26.486376
pretest_1592,-0.5784395
pretest_1593,4.90696
pretest_1594,-1.7255774
pretest_1595,1.6007153
pretest_1596,-3.6094842
pretest_1597,1.6315835
pretest_1598,-4.064401
pretest_1599,-2.197634
pretest_1600,0.36765513
pretest_1601,-1.087185
pretest_1602,-0.17106009
pretest_1603,1.9527107
pretest_1604,-9.801539
pretest_1605,-2.613538
pretest_1606,11.157301
pretest_1607,-7.5396295
pretest_1608,-4.1983066
pretest_1609,-0.6890569
pretest_1610,-1.3408244
pretest_1611,2.796688
pretest_1612,-2.387025
pretest_1613,0.10462566
pretest_1614,-2.9120445
pretest_1615,-11.230085
pretest_1616,-1.7369143
pretest_1617,-9.659056
pretest_1618,-7.7702994
pretest_1619,-12.272653
pretest_1620,1.214853
pretest_1621,-0.8316884
pretest_1622,-7.07012
pretest_1623,-3.5729477
pretest_1624,2.660257
pretest_1625,3.5487735
pretest_1626,5.0777564
pretest_1627,-5.9541516
pretest_1628,-2.2261446
pretest_1629,-7.342329
pretest_1630,-1.856665
pretest_1631,-7.910042
pretest_1632,0.44820127
pretest_1633,2.5400324
pretest_1634,1.382753
pretest_1635,26.199608
pretest_1636,3.4829512
pretest_1637,-2.1578553
pretest_1638,-10.851031
pretest_1639,-0.9685921
pretest_1640,5.717463
pretest_1641,-1.7222735
pretest_1642,45.859875
pretest_1643,6.237452
pretest_1644,1.0387619
pretest_1645,1.6951345
pretest_1646,3.2938192
pretest_1647,0.82951933
pretest_1648,-3.516365
pretest_1649,-10.970703
pretest_1650,-5.6090746
pretest_1651,9.717685
pretest_1652,-7.1222963
pretest_1653,0.19802621
pretest_1654,28.16042
pretest_1655,1.8961058
pretest_1656,-0.022257045
pretest_1657,0.19487104
pretest_1658,5.100806
pretest_1659,4.471575
pretest_1660,-4.2951994
pretest_1661,4.179866
pretest_1662,-4.123829
pretest_1663,-5.911001
pretest_1664,-6.3971796
pretest_1665,3.9797788
pretest_1666,-7.4653893
pretest_1667,-4.338712
pretest_1668,-4.205225
pretest_1669,7.1454434
pretest_1670,-6.358405
pretest_1671,-5.771153
pretest_1672,0.1878475
pretest_1673,-0.036302764
pretest_1674,-0.3250126
pretest_1675,-2.7150815
pretest_1676,-6.2488256
pretest_1677,-6.767597
pretest_1678,2.001255
pretest_1679,48.018585
pretest_1680,1.4147148
pretest_1681,-3.6460576
pretest_1682,-1.5389612
pretest_1683,55.254124
pretest_1684,-4.581659
pretest_1685,0.8271906
pretest_1686,-1.7633657
pretest_1687,-1.7466679
pretest_1688,7.479734
pretest_1689,-0.28311938
pretest_1690,2.445229
pretest_1691,3.8253067
pretest_1692,2.0040283
pretest_1693,0.9650805
pretest_1694,-1.5415688
pretest_1695,0.5373473
pretest_1696,-5.443825
pretest_1697,0.56993914
pretest_1698,0.7437644
pretest_1699,-1.9774207
pretest_1700,3.715973
pretest_1701,23.648027
pretest_1702,1.0372015
pretest_1703,-1.6541085
pretest_1704,0.36098593
pretest_1705,16.704906
pretest_1706,9.87486
pretest_1707,3.6503248
pretest_1708,-4.724784
pretest_1709,-3.3892107
pretest_1710,1.635699
pretest_1711,4.8862967
pretest_1712,3.164635
pretest_1713,-3.4032896
pretest_1714,1.1486447
pretest_1715,-2.4494863
pretest_1716,-0.921097
pretest_1717,2.3923945
pretest_1718,16.204674
pretest_1719,0.19511238
pretest_1720,22.417566
pretest_1721,0.5503893
pretest_1722,-2.1056519
pretest_1723,-0.17790599
pretest_1724,-5.2845883
pretest_1725,1.0387619
pretest_1726,0.28772324
pretest_1727,3.5474854
pretest_1728,-11.736267
pretest_1729,-6.7097836
pretest_1730,1.2467093
pretest_1731,-3.3501046
pretest_1732,-3.2350056
pretest_1733,1.941708
pretest_1734,75.4838
pretest_1735,-1.9264206
pretest_1736,-0.67178786
pretest_1737,-6.819117
pretest_1738,2.4963248
pretest_1739,-1.4434454
pretest_1740,-2.6988301
pretest_1741,-2.9394712
pretest_1742,-3.508264
pretest_1743,4.802227
pretest_1744,0.9401577
pretest_1745,-4.4686775
pretest_1746,6.745641
pretest_1747,7.612535
pretest_1748,-0.57011396
pretest_1749,-6.7827277
pretest_1750,0.5973303
pretest_1751,-7.6728125
pretest_1752,1.0939909
pretest_1753,-6.6908236
pretest_1754,2.0622118
pretest_1755,-3.2017753
pretest_1756,-4.0574827
pretest_1757,-2.8352363
pretest_1758,-1.73793
pretest_1759,-0.6491167
pretest_1760,3.5880482
pretest_1761,40.444054
pretest_1762,8.935503
pretest_1763,-1.9634798
pretest_1764,14.372856
pretest_1765,-0.18042807
pretest_1766,-5.041363
pretest_1767,-4.322175
pretest_1768,-6.722497
pretest_1769,-14.485112
pretest_1770,-7.5396295
pretest_1771,-3.3668616
pretest_1772,-7.4039536
pretest_1773,1.7654289
pretest_1774,-1.3313658
pretest_1775,-5.258615
pretest_1776,-2.26585
pretest_1777,-1.9798315
pretest_1778,-13.341942
pretest_1779,-11.736267
pretest_1780,2.2449405
pretest_1781,2.3574042
pretest_1782,-3.2775738
pretest_1783,-2.712548
pretest_1784,7.579508
pretest_1785,-4.5302525
pretest_1786,100.28889
pretest_1787,14.091665
pretest_1788,-0.3323181
pretest_1789,-1.7960478
pretest_1790,-3.684397
pretest_1791,1.5434935
pretest_1792,-4.1962924
pretest_1793,59.268364
pretest_1794,-2.197634
pretest_1795,-6.763014
pretest_1796,5.1819086
pretest_1797,4.713421
pretest_1798,-1.1472719
pretest_1799,1.1568278
pretest_1800,0.68284714
pretest_1801,-13.787131
pretest_1802,66.649574
pretest_1803,3.0169976
pretest_1804,5.980061
pretest_1805,-1.3121514
pretest_1806,-3.9400911
pretest_1807,-2.7507536
pretest_1808,-1.3409498
pretest_1809,4.208507
pretest_1810,2.5249581
pretest_1811,-3.240379
pretest_1812,-6.8723993
pretest_1813,1.1384051
pretest_1814,-14.024926
pretest_1815,-7.2570705
pretest_1816,-9.244529
pretest_1817,-7.0633717
pretest_1818,7.30731
pretest_1819,-1.8808059
pretest_1820,5.298411
pretest_1821,0.57275784
pretest_1822,18.214117
pretest_1823,15.143963
pretest_1824,3.6009185
pretest_1825,-0.6734679
pretest_1826,-2.381361
pretest_1827,0.65872467
pretest_1828,2.3242142
pretest_1829,-6.4464474
pretest_1830,5.90233
pretest_1831,52.26238
pretest_1832,-2.755195
pretest_1833,4.2599034
pretest_1834,-4.842477
pretest_1835,-0.66229516
pretest_1836,1.0387619
pretest_1837,-2.3011382
pretest_1838,-9.44111
pretest_1839,0.9369943
pretest_1840,-1.2061523
pretest_1841,-12.696618
pretest_1842,-8.6583395
pretest_1843,-2.9939153
pretest_1844,2.5400324
pretest_1845,-11.062429
pretest_1846,-4.2878475
pretest_1847,-3.5963025
pretest_1848,-0.4060315
pretest_1849,-10.635555
pretest_1850,1.4647228
pretest_1851,16.51665
pretest_1852,13.913145
pretest_1853,5.520753
pretest_1854,4.007726
pretest_1855,41.615753
pretest_1856,-2.4090836
pretest_1857,0.8739867
pretest_1858,30.175934
pretest_1859,0.19368006
pretest_1860,32.51413
pretest_1861,-1.6095996
pretest_1862,2.2880993
pretest_1863,2.8252807
pretest_1864,11.573146
pretest_1865,-5.1388106
pretest_1866,2.638337
pretest_1867,-0.88657165
pretest_1868,-7.8104987
pretest_1869,-4.404482
pretest_1870,-4.767981
pretest_1871,1.3330154
pretest_1872,0.7857327
pretest_1873,-4.630032
pretest_1874,-1.9626194
pretest_1875,1.5185409
pretest_1876,5.553032
pretest_1877,0.57654524
pretest_1878,-9.334222
pretest_1879,-2.579005
pretest_1880,-2.2117152
pretest_1881,-1.0429187
pretest_1882,-13.036829
pretest_1883,49.965424
pretest_1884,-1.6587766
pretest_1885,-5.356722
pretest_1886,-1.949726
pretest_1887,2.6350892
pretest_1888,3.4245613
pretest_1889,-6.4314404
pretest_1890,-0.66609615
pretest_1891,-3.3681755
pretest_1892,-1.3603982
pretest_1893,0.9232031
pretest_1894,-4.046885
pretest_1895,-2.2261446
pretest_1896,-0.11063203
pretest_1897,2.218486
pretest_1898,32.60249
pretest_1899,-12.160233
pretest_1900,-0.5426265
pretest_1901,-0.58263874
pretest_1902,-7.029168
pretest_1903,7.613862
pretest_1904,-2.2628114
pretest_1905,22.657696
pretest_1906,-8.451795
pretest_1907,-0.9359807
pretest_1908,7.851078
pretest_1909,-6.168951
pretest_1910,3.0064561
pretest_1911,2.875499
pretest_1912,0.6381784
pretest_1913,1.2743517
pretest_1914,-6.533254
pretest_1915,2.949615
pretest_1916,9.036953
pretest_1917,-4.0015144
pretest_1918,1.6715018
pretest_1919,4.1572447
pretest_1920,-2.67846
pretest_1921,1.7868545
pretest_1922,-2.9023917
pretest_1923,0.9092558
pretest_1924,0.29670012
pretest_1925,-4.3263893
pretest_1926,3.7753181
pretest_1927,-3.719072
pretest_1928,41.248684
pretest_1929,-1.6244192
pretest_1930,-2.6206825
pretest_1931,-6.5530148
pretest_1932,-3.4052145
pretest_1933,10.109815
pretest_1934,-2.8944101
pretest_1935,6.548578
pretest_1936,-4.229947
pretest_1937,-0.31195393
pretest_1938,-3.4121356
pretest_1939,-0.38316447
pretest_1940,-4.6574726
pretest_1941,1.4474214
pretest_1942,6.298003
pretest_1943,-4.5224257
pretest_1944,6.5599303
pretest_1945,3.2724228
pretest_1946,-8.8795
pretest_1947,-1.6962068
pretest_1948,-5.039065
pretest_1949,8.26537
pretest_1950,1.3315545
pretest_1951,-5.430164
pretest_1952,-2.0066478
pretest_1953,79.51598
pretest_1954,3.7922778
pretest_1955,-13.295583
pretest_1956,1.3290448
pretest_1957,1.9935104
pretest_1958,7.6185193
pretest_1959,-4.768529
pretest_1960,-0.6556531
pretest_1961,5.0108438
pretest_1962,6.6562276
pretest_1963,-12.696618
pretest_1964,0.59420377
pretest_1965,-6.8972125
pretest_1966,-6.008546
pretest_1967,89.73621
pretest_1968,-2.2482
pretest_1969,-1.9561892
pretest_1970,2.9669487
pretest_1971,3.3042498
pretest_1972,10.457215
pretest_1973,0.74561024
pretest_1974,-2.613538
pretest_1975,-8.931763
pretest_1976,-3.484295
pretest_1977,-5.8704357
pretest_1978,21.79231
pretest_1979,-4.980422
pretest_1980,-3.4289684
pretest_1981,5.480155
pretest_1982,0.6199249
pretest_1983,-1.0204568
pretest_1984,-11.840535
pretest_1985,-0.85846543
pretest_1986,-0.15230018
pretest_1987,-3.0091014
pretest_1988,-2.6313384
pretest_1989,3.809235
pretest_1990,-5.6248584
pretest_1991,4.6454353
pretest_1992,-5.200716
pretest_1993,43.032707
pretest_1994,0.09104055
pretest_1995,-5.7675447
pretest_1996,2.0179775
pretest_1997,1.0200725
pretest_1998,-2.0118613
pretest_1999,-9.015478
pretest_2000,33.35253
