,id,CO2_working_capacity [mL/g]
0,pretest_1,-12.716909
1,pretest_2,-25.775116
2,pretest_3,-24.05077
3,pretest_4,-12.716909
4,pretest_5,-18.196661
5,pretest_6,-18.00787
6,pretest_7,-30.998127
7,pretest_8,-12.282971
8,pretest_9,-12.795439
9,pretest_10,-16.836555
10,pretest_11,-24.90829
11,pretest_12,-16.836555
12,pretest_13,-31.221712
13,pretest_14,-18.196661
14,pretest_15,-18.196661
15,pretest_16,-24.924376
16,pretest_17,-30.244408
17,pretest_18,-12.98704
18,pretest_19,-12.716909
19,pretest_20,-16.836555
20,pretest_21,-12.716909
21,pretest_22,-16.836555
22,pretest_23,-19.36797
23,pretest_24,-25.55185
24,pretest_25,-18.196661
25,pretest_26,-18.00787
26,pretest_27,-18.00787
27,pretest_28,-26.819239
28,pretest_29,-12.929348
29,pretest_30,-16.836555
30,pretest_31,-27.038237
31,pretest_32,-16.56101
32,pretest_33,-18.196661
33,pretest_34,-13.785582
34,pretest_35,-19.36797
35,pretest_36,-16.836555
36,pretest_37,-2.70018
37,pretest_38,-24.272257
38,pretest_39,-13.065599
39,pretest_40,-25.55185
40,pretest_41,-18.196661
41,pretest_42,-18.196661
42,pretest_43,-28.298988
43,pretest_44,-18.00787
44,pretest_45,-27.222183
45,pretest_46,-19.36797
46,pretest_47,-16.836555
47,pretest_48,-16.836555
48,pretest_49,-18.196661
49,pretest_50,-13.065599
50,pretest_51,-16.836555
51,pretest_52,-29.198963
52,pretest_53,-12.795439
53,pretest_54,-18.196661
54,pretest_55,-16.836555
55,pretest_56,-22.89678
56,pretest_57,-27.972973
57,pretest_58,-15.443683
58,pretest_59,-19.36797
59,pretest_60,-18.00787
60,pretest_61,-18.196661
61,pretest_62,-16.836555
62,pretest_63,-21.986185
63,pretest_64,-18.209652
64,pretest_65,-6.9961348
65,pretest_66,-18.196661
66,pretest_67,-16.836555
67,pretest_68,-19.36797
68,pretest_69,-16.836555
69,pretest_70,-19.36797
70,pretest_71,-23.459484
71,pretest_72,-22.842415
72,pretest_73,-22.62362
73,pretest_74,-18.196661
74,pretest_75,-18.196661
75,pretest_76,-16.836555
76,pretest_77,-18.867256
77,pretest_78,-18.196661
78,pretest_79,-32.50658
79,pretest_80,-16.836555
80,pretest_81,-28.148312
81,pretest_82,-14.635676
82,pretest_83,-16.836555
83,pretest_84,-16.836555
84,pretest_85,-6.9961348
85,pretest_86,-17.51724
86,pretest_87,-16.836555
87,pretest_88,-16.836555
88,pretest_89,-12.795439
89,pretest_90,-19.36797
90,pretest_91,-18.129276
91,pretest_92,-18.196661
92,pretest_93,-18.196661
93,pretest_94,-16.836555
94,pretest_95,-22.448284
95,pretest_96,-16.836555
96,pretest_97,-18.196661
97,pretest_98,-18.129276
98,pretest_99,-16.836555
99,pretest_100,-26.819239
100,pretest_101,-16.836555
101,pretest_102,-13.065599
102,pretest_103,-18.196661
103,pretest_104,-18.196661
104,pretest_105,-14.365544
105,pretest_106,-26.677324
106,pretest_107,-16.836555
107,pretest_108,-18.196661
108,pretest_109,-12.716909
109,pretest_110,-23.634823
110,pretest_111,-18.196661
111,pretest_112,-17.695944
112,pretest_113,-19.36797
113,pretest_114,-29.94421
114,pretest_115,-27.972973
115,pretest_116,-18.867256
116,pretest_117,-16.836555
117,pretest_118,-16.836555
118,pretest_119,-18.196661
119,pretest_120,-2.70018
120,pretest_121,-12.122207
121,pretest_122,-19.36797
122,pretest_123,-17.695944
123,pretest_124,-21.986185
124,pretest_125,-18.196661
125,pretest_126,-12.716909
126,pretest_127,-18.196661
127,pretest_128,-18.196661
128,pretest_129,-16.836555
129,pretest_130,-16.836555
130,pretest_131,-18.196661
131,pretest_132,-25.16168
132,pretest_133,-19.36797
133,pretest_134,-20.805605
134,pretest_135,-18.196661
135,pretest_136,-19.36797
136,pretest_137,-18.196661
137,pretest_138,-19.36797
138,pretest_139,-13.023536
139,pretest_140,-16.56101
140,pretest_141,-18.196661
141,pretest_142,-12.795439
142,pretest_143,-16.836555
143,pretest_144,-14.577983
144,pretest_145,-27.85759
145,pretest_146,-16.836555
146,pretest_147,-16.385675
147,pretest_148,-18.196661
148,pretest_149,-16.836555
149,pretest_150,-28.12291
150,pretest_151,-26.951601
151,pretest_152,-16.836555
152,pretest_153,-17.280096
153,pretest_154,-6.9961348
154,pretest_155,-16.836555
155,pretest_156,-18.196661
156,pretest_157,-16.836555
157,pretest_158,-18.196661
158,pretest_159,-16.836555
159,pretest_160,-19.36797
160,pretest_161,-18.196661
161,pretest_162,-6.9961348
162,pretest_163,-19.36797
163,pretest_164,-23.22232
164,pretest_165,-16.836555
165,pretest_166,-18.642717
166,pretest_167,-19.36797
167,pretest_168,-18.196661
168,pretest_169,-5.4447384
169,pretest_170,-28.878397
170,pretest_171,-16.836555
171,pretest_172,-13.065599
172,pretest_173,-18.360466
173,pretest_174,-18.196661
174,pretest_175,-18.00787
175,pretest_176,-23.641674
176,pretest_177,-16.836555
177,pretest_178,-18.196661
178,pretest_179,-18.00787
179,pretest_180,-16.836555
180,pretest_181,-30.998127
181,pretest_182,-15.841709
182,pretest_183,-18.196661
183,pretest_184,-16.836555
184,pretest_185,-24.025932
185,pretest_186,-1.5923244
186,pretest_187,-11.313624
187,pretest_188,-16.56101
188,pretest_189,-16.836555
189,pretest_190,-16.836555
190,pretest_191,-18.209652
191,pretest_192,-27.972973
192,pretest_193,-16.836555
193,pretest_194,-16.836555
194,pretest_195,-14.940086
195,pretest_196,-16.836555
196,pretest_197,-19.36797
197,pretest_198,-16.274042
198,pretest_199,-16.56101
199,pretest_200,-19.36797
200,pretest_201,-12.8902645
201,pretest_202,-16.836555
202,pretest_203,-12.795439
203,pretest_204,-16.56101
204,pretest_205,-18.00787
205,pretest_206,-22.842415
206,pretest_207,-25.912167
207,pretest_208,-18.196661
208,pretest_209,-32.19065
209,pretest_210,-18.00787
210,pretest_211,-16.959463
211,pretest_212,-18.209652
212,pretest_213,-14.365544
213,pretest_214,-18.196661
214,pretest_215,-15.434218
215,pretest_216,-24.05077
216,pretest_217,-16.836555
217,pretest_218,-13.931606
218,pretest_219,-19.36797
219,pretest_220,-19.341776
220,pretest_221,-31.929644
221,pretest_222,-19.36797
222,pretest_223,-19.36797
223,pretest_224,-6.9961348
224,pretest_225,-28.694399
225,pretest_226,-18.196661
226,pretest_227,-18.196661
227,pretest_228,-22.448284
228,pretest_229,-16.836555
229,pretest_230,-33.10492
230,pretest_231,-16.836555
231,pretest_232,-22.448284
232,pretest_233,-27.335022
233,pretest_234,-16.836555
234,pretest_235,-18.196661
235,pretest_236,-18.196661
236,pretest_237,-18.608105
237,pretest_238,-16.836555
238,pretest_239,-16.836555
239,pretest_240,-16.836555
240,pretest_241,-19.341776
241,pretest_242,-19.36797
242,pretest_243,-18.196661
243,pretest_244,-18.196661
244,pretest_245,-26.819239
245,pretest_246,-16.56101
246,pretest_247,-18.196661
247,pretest_248,-12.716909
248,pretest_249,-16.836555
249,pretest_250,-16.385675
250,pretest_251,-29.673573
251,pretest_252,-19.36797
252,pretest_253,-19.36797
253,pretest_254,-18.196661
254,pretest_255,-16.836555
255,pretest_256,-19.36797
256,pretest_257,-22.533258
257,pretest_258,-19.36797
258,pretest_259,-18.196661
259,pretest_260,-18.196661
260,pretest_261,-12.929348
261,pretest_262,-16.836555
262,pretest_263,-16.836555
263,pretest_264,-16.385675
264,pretest_265,-16.836555
265,pretest_266,-26.951601
266,pretest_267,-14.365544
267,pretest_268,-5.4447384
268,pretest_269,-13.065599
269,pretest_270,-16.836555
270,pretest_271,-16.836555
271,pretest_272,-18.196661
272,pretest_273,-16.836555
273,pretest_274,-26.819239
274,pretest_275,-26.951601
275,pretest_276,-24.719715
276,pretest_277,-13.065599
277,pretest_278,-27.935394
278,pretest_279,-19.36797
279,pretest_280,-20.110022
280,pretest_281,-18.867256
281,pretest_282,-18.196661
282,pretest_283,-18.196661
283,pretest_284,-26.951601
284,pretest_285,-21.81085
285,pretest_286,-17.280096
286,pretest_287,-18.196661
287,pretest_288,-12.795439
288,pretest_289,-18.196661
289,pretest_290,-18.196661
290,pretest_291,-18.196661
291,pretest_292,-14.714234
292,pretest_293,-22.89678
293,pretest_294,-26.302813
294,pretest_295,-13.065599
295,pretest_296,-18.196661
296,pretest_297,-29.292524
297,pretest_298,-18.196661
298,pretest_299,-16.836555
299,pretest_300,-21.986185
300,pretest_301,-17.695944
301,pretest_302,-24.986341
302,pretest_303,-18.196661
303,pretest_304,-18.196661
304,pretest_305,-18.196661
305,pretest_306,-19.36797
306,pretest_307,-12.716909
307,pretest_308,-18.196661
308,pretest_309,-14.988194
309,pretest_310,-26.951601
310,pretest_311,-18.00787
311,pretest_312,-20.513088
312,pretest_313,-27.935394
313,pretest_314,-18.196661
314,pretest_315,-16.836555
315,pretest_316,-18.196661
316,pretest_317,-4.2873864
317,pretest_318,-14.714234
318,pretest_319,-16.836555
319,pretest_320,-18.196661
320,pretest_321,-16.836555
321,pretest_322,-22.721445
322,pretest_323,-24.096918
323,pretest_324,-19.36797
324,pretest_325,-24.580593
325,pretest_326,-29.052711
326,pretest_327,-18.196661
327,pretest_328,-19.36797
328,pretest_329,-26.951601
329,pretest_330,-12.98704
330,pretest_331,-18.196661
331,pretest_332,-18.196661
332,pretest_333,-18.196661
333,pretest_334,-6.9961348
334,pretest_335,-13.065599
335,pretest_336,-16.22631
336,pretest_337,-22.448284
337,pretest_338,-18.196661
338,pretest_339,-18.196661
339,pretest_340,-16.836555
340,pretest_341,-12.929348
341,pretest_342,-14.714234
342,pretest_343,-24.894356
343,pretest_344,-18.196661
344,pretest_345,-19.36797
345,pretest_346,-16.836555
346,pretest_347,-18.196661
347,pretest_348,-18.196661
348,pretest_349,-12.795439
349,pretest_350,-18.196661
350,pretest_351,-18.867256
351,pretest_352,-22.62362
352,pretest_353,-12.716909
353,pretest_354,-6.9961348
354,pretest_355,-22.448284
355,pretest_356,-16.836555
356,pretest_357,-26.819239
357,pretest_358,-16.836555
358,pretest_359,-16.836555
359,pretest_360,-16.836555
360,pretest_361,-24.05077
361,pretest_362,-13.065599
362,pretest_363,-16.836555
363,pretest_364,-22.721445
364,pretest_365,-22.46578
365,pretest_366,-16.836555
366,pretest_367,-17.177113
367,pretest_368,-24.370079
368,pretest_369,-18.196661
369,pretest_370,-18.196661
370,pretest_371,-16.836555
371,pretest_372,-16.836555
372,pretest_373,-19.36797
373,pretest_374,-16.779808
374,pretest_375,-24.267574
375,pretest_376,-18.196661
376,pretest_377,-18.196661
377,pretest_378,-20.513088
378,pretest_379,-16.959463
379,pretest_380,-18.608105
380,pretest_381,-12.795439
381,pretest_382,-18.196661
382,pretest_383,-16.836555
383,pretest_384,-16.836555
384,pretest_385,-12.282971
385,pretest_386,-30.364729
386,pretest_387,-18.196661
387,pretest_388,-18.196661
388,pretest_389,-16.836555
389,pretest_390,-16.385675
390,pretest_391,-14.444074
391,pretest_392,-24.90829
392,pretest_393,-14.444074
393,pretest_394,-18.196661
394,pretest_395,-27.972973
395,pretest_396,-18.196661
396,pretest_397,-16.836555
397,pretest_398,-18.196661
398,pretest_399,-4.60267
399,pretest_400,-29.292524
400,pretest_401,-18.196661
401,pretest_402,-13.065599
402,pretest_403,-19.341776
403,pretest_404,-15.559782
404,pretest_405,-16.836555
405,pretest_406,-20.805605
406,pretest_407,-25.506012
407,pretest_408,-18.196661
408,pretest_409,-18.00787
409,pretest_410,-19.36797
410,pretest_411,-19.36797
411,pretest_412,-27.222183
412,pretest_413,-19.36797
413,pretest_414,-19.36797
414,pretest_415,-16.836555
415,pretest_416,-16.836555
416,pretest_417,-23.337708
417,pretest_418,-19.36797
418,pretest_419,-18.196661
419,pretest_420,-28.983656
420,pretest_421,-29.933617
421,pretest_422,-27.222183
422,pretest_423,-22.448284
423,pretest_424,-18.196661
424,pretest_425,-18.196661
425,pretest_426,-16.836555
426,pretest_427,-16.836555
427,pretest_428,-24.986341
428,pretest_429,-31.13368
429,pretest_430,-16.836555
430,pretest_431,-19.36797
431,pretest_432,-33.094326
432,pretest_433,-18.196661
433,pretest_434,-16.836555
434,pretest_435,-23.525219
435,pretest_436,-26.935318
436,pretest_437,-26.312521
437,pretest_438,-21.986185
438,pretest_439,-18.196661
439,pretest_440,-16.836555
440,pretest_441,-19.36797
441,pretest_442,-18.196661
442,pretest_443,-18.196661
443,pretest_444,-16.274042
444,pretest_445,-1.1487833
445,pretest_446,-12.716909
446,pretest_447,-17.695944
447,pretest_448,-17.177113
448,pretest_449,-22.46578
449,pretest_450,-16.56101
450,pretest_451,-19.36797
451,pretest_452,-12.282971
452,pretest_453,-20.805605
453,pretest_454,-28.479858
454,pretest_455,-18.196661
455,pretest_456,-18.129276
456,pretest_457,-21.81085
457,pretest_458,-18.196661
458,pretest_459,-16.836555
459,pretest_460,-18.196661
460,pretest_461,-24.025932
461,pretest_462,-19.36797
462,pretest_463,-18.196661
463,pretest_464,-18.196661
464,pretest_465,-16.836555
465,pretest_466,-14.50938
466,pretest_467,-20.110022
467,pretest_468,-19.36797
468,pretest_469,-18.196661
469,pretest_470,-16.836555
470,pretest_471,-18.196661
471,pretest_472,-18.196661
472,pretest_473,-16.836555
473,pretest_474,-18.196661
474,pretest_475,-19.36797
475,pretest_476,-16.836555
476,pretest_477,-27.972973
477,pretest_478,-12.795439
478,pretest_479,-19.36797
479,pretest_480,-18.196661
480,pretest_481,-16.836555
481,pretest_482,-19.36797
482,pretest_483,-19.36797
483,pretest_484,-16.836555
484,pretest_485,-29.94421
485,pretest_486,-16.385675
486,pretest_487,-20.805605
487,pretest_488,-16.836555
488,pretest_489,-18.196661
489,pretest_490,-18.196661
490,pretest_491,-26.951601
491,pretest_492,-12.716909
492,pretest_493,-14.365544
493,pretest_494,-16.836555
494,pretest_495,-22.448284
495,pretest_496,-18.451412
496,pretest_497,-12.716909
497,pretest_498,-26.819239
498,pretest_499,-18.196661
499,pretest_500,-14.714234
500,pretest_501,-19.36797
501,pretest_502,-16.836555
502,pretest_503,-18.196661
503,pretest_504,-16.836555
504,pretest_505,-24.396008
505,pretest_506,-16.56101
506,pretest_507,-27.222183
507,pretest_508,-16.836555
508,pretest_509,-18.424955
509,pretest_510,-18.196661
510,pretest_511,-18.00787
511,pretest_512,-18.00787
512,pretest_513,-12.98704
513,pretest_514,-17.695944
514,pretest_515,-12.98704
515,pretest_516,-18.196661
516,pretest_517,-18.196661
517,pretest_518,-12.716909
518,pretest_519,-12.98704
519,pretest_520,-6.9961348
520,pretest_521,-16.836555
521,pretest_522,-23.459484
522,pretest_523,-18.196661
523,pretest_524,-18.196661
524,pretest_525,-13.065599
525,pretest_526,-26.819239
526,pretest_527,-16.836555
527,pretest_528,-21.81085
528,pretest_529,-18.196661
529,pretest_530,-12.716909
530,pretest_531,-13.065599
531,pretest_532,-18.196661
532,pretest_533,-17.177113
533,pretest_534,-27.935394
534,pretest_535,-18.196661
535,pretest_536,-13.065599
536,pretest_537,-16.836555
537,pretest_538,-18.00787
538,pretest_539,-12.716909
539,pretest_540,-22.89678
540,pretest_541,-19.187576
541,pretest_542,-19.36797
542,pretest_543,-18.00787
543,pretest_544,-22.89678
544,pretest_545,-27.972973
545,pretest_546,-18.196661
546,pretest_547,-18.196661
547,pretest_548,-19.36797
548,pretest_549,-16.836555
549,pretest_550,-19.36797
550,pretest_551,-13.065599
551,pretest_552,-14.365544
552,pretest_553,-18.196661
553,pretest_554,-18.196661
554,pretest_555,-20.110022
555,pretest_556,-16.836555
556,pretest_557,-16.836555
557,pretest_558,-16.836555
558,pretest_559,-18.196661
559,pretest_560,-19.36797
560,pretest_561,-32.19065
561,pretest_562,-25.16168
562,pretest_563,-18.00787
563,pretest_564,-12.716909
564,pretest_565,-18.196661
565,pretest_566,-16.836555
566,pretest_567,-17.280096
567,pretest_568,-16.836555
568,pretest_569,-19.36797
569,pretest_570,-18.196661
570,pretest_571,-19.36797
571,pretest_572,-12.795439
572,pretest_573,-15.87762
573,pretest_574,-17.280096
574,pretest_575,-18.00787
575,pretest_576,-18.196661
576,pretest_577,-18.196661
577,pretest_578,-14.714234
578,pretest_579,-19.36797
579,pretest_580,-17.280096
580,pretest_581,-16.836555
581,pretest_582,-27.335022
582,pretest_583,-13.4219885
583,pretest_584,-18.00787
584,pretest_585,-22.955173
585,pretest_586,-18.196661
586,pretest_587,-16.836555
587,pretest_588,-16.836555
588,pretest_589,-18.196661
589,pretest_590,-30.244408
590,pretest_591,-16.836555
591,pretest_592,-18.196661
592,pretest_593,-18.196661
593,pretest_594,-22.721445
594,pretest_595,-16.836555
595,pretest_596,-18.196661
596,pretest_597,-13.065599
597,pretest_598,-14.714234
598,pretest_599,-18.196661
599,pretest_600,-29.621603
600,pretest_601,-18.196661
601,pretest_602,-18.00787
602,pretest_603,-18.196661
603,pretest_604,-16.836555
604,pretest_605,-12.98704
605,pretest_606,-26.90716
606,pretest_607,-16.836555
607,pretest_608,-18.196661
608,pretest_609,-16.836555
609,pretest_610,-25.506012
610,pretest_611,-18.196661
611,pretest_612,-18.196661
612,pretest_613,-18.867256
613,pretest_614,-19.36797
614,pretest_615,-27.222183
615,pretest_616,-29.673573
616,pretest_617,-12.716909
617,pretest_618,-19.36797
618,pretest_619,-32.19065
619,pretest_620,-18.196661
620,pretest_621,-16.784128
621,pretest_622,-12.98704
622,pretest_623,-18.196661
623,pretest_624,-18.00787
624,pretest_625,-19.36797
625,pretest_626,-18.196661
626,pretest_627,-17.695944
627,pretest_628,-16.836555
628,pretest_629,-22.448284
629,pretest_630,-21.586214
630,pretest_631,-19.36797
631,pretest_632,-12.929348
632,pretest_633,-19.36797
633,pretest_634,-13.190877
634,pretest_635,-6.9961348
635,pretest_636,-22.533258
636,pretest_637,-12.929348
637,pretest_638,-16.836555
638,pretest_639,-16.044832
639,pretest_640,-16.836555
640,pretest_641,-13.931606
641,pretest_642,-30.244408
642,pretest_643,-16.836555
643,pretest_644,-18.00787
644,pretest_645,-19.36797
645,pretest_646,-24.05077
646,pretest_647,-19.36797
647,pretest_648,-18.196661
648,pretest_649,-12.716909
649,pretest_650,-16.836555
650,pretest_651,-13.065599
651,pretest_652,-17.177113
652,pretest_653,-18.196661
653,pretest_654,-16.836555
654,pretest_655,-12.929348
655,pretest_656,-16.836555
656,pretest_657,-16.836555
657,pretest_658,-18.451412
658,pretest_659,-21.81085
659,pretest_660,-19.36797
660,pretest_661,-13.065599
661,pretest_662,-25.695248
662,pretest_663,-16.385675
663,pretest_664,-25.350615
664,pretest_665,-16.836555
665,pretest_666,-19.36797
666,pretest_667,-18.196661
667,pretest_668,-13.065599
668,pretest_669,-13.065599
669,pretest_670,-21.81085
670,pretest_671,-16.836555
671,pretest_672,-16.836555
672,pretest_673,-19.341776
673,pretest_674,-13.065599
674,pretest_675,-18.196661
675,pretest_676,-27.222183
676,pretest_677,-19.36797
677,pretest_678,-18.196661
678,pretest_679,-26.951601
679,pretest_680,-12.282971
680,pretest_681,-20.28536
681,pretest_682,-26.951601
682,pretest_683,-18.196661
683,pretest_684,-18.196661
684,pretest_685,-16.836555
685,pretest_686,-18.196661
686,pretest_687,-18.196661
687,pretest_688,-18.196661
688,pretest_689,-22.62362
689,pretest_690,-24.096918
690,pretest_691,-18.196661
691,pretest_692,-27.990547
692,pretest_693,-13.065599
693,pretest_694,-18.196661
694,pretest_695,-16.836555
695,pretest_696,-19.341776
696,pretest_697,-6.9961348
697,pretest_698,-18.196661
698,pretest_699,-29.292524
699,pretest_700,-19.36797
700,pretest_701,-18.196661
701,pretest_702,-16.836555
702,pretest_703,-14.714234
703,pretest_704,-19.341776
704,pretest_705,-19.36797
705,pretest_706,-19.36797
706,pretest_707,-19.36797
707,pretest_708,-16.836555
708,pretest_709,-16.836555
709,pretest_710,-26.819239
710,pretest_711,-16.836555
711,pretest_712,-13.065599
712,pretest_713,-19.36797
713,pretest_714,-9.845747
714,pretest_715,-12.716909
715,pretest_716,-18.209652
716,pretest_717,-19.36797
717,pretest_718,-18.00787
718,pretest_719,-27.335022
719,pretest_720,-19.36797
720,pretest_721,-16.836555
721,pretest_722,-18.00787
722,pretest_723,-18.196661
723,pretest_724,-22.448284
724,pretest_725,-28.479858
725,pretest_726,-16.836555
726,pretest_727,-18.196661
727,pretest_728,-18.196661
728,pretest_729,-12.795439
729,pretest_730,-27.972973
730,pretest_731,-24.370079
731,pretest_732,-23.337708
732,pretest_733,-18.196661
733,pretest_734,-13.065599
734,pretest_735,-29.828827
735,pretest_736,-16.836555
736,pretest_737,-18.196661
737,pretest_738,-16.836555
738,pretest_739,-16.836555
739,pretest_740,-18.129276
740,pretest_741,-14.635676
741,pretest_742,-12.795439
742,pretest_743,-14.365544
743,pretest_744,-19.36797
744,pretest_745,-18.00787
745,pretest_746,-24.777739
746,pretest_747,-18.196661
747,pretest_748,-18.00787
748,pretest_749,-12.8902645
749,pretest_750,-22.46578
750,pretest_751,-16.836555
751,pretest_752,-16.836555
752,pretest_753,-16.836555
753,pretest_754,-19.341776
754,pretest_755,-18.196661
755,pretest_756,-27.972973
756,pretest_757,-18.196661
757,pretest_758,-16.836555
758,pretest_759,-18.196661
759,pretest_760,-14.365544
760,pretest_761,-18.196661
761,pretest_762,-19.36797
762,pretest_763,-29.711151
763,pretest_764,-18.196661
764,pretest_765,-18.196661
765,pretest_766,-18.424955
766,pretest_767,-18.00787
767,pretest_768,-2.70018
768,pretest_769,-29.292524
769,pretest_770,-18.196661
770,pretest_771,-27.85759
771,pretest_772,-16.836555
772,pretest_773,-22.448284
773,pretest_774,-16.836555
774,pretest_775,-18.196661
775,pretest_776,-19.36797
776,pretest_777,-16.836555
777,pretest_778,-16.836555
778,pretest_779,-16.836555
779,pretest_780,-21.810333
780,pretest_781,-20.805605
781,pretest_782,-16.836555
782,pretest_783,-13.065599
783,pretest_784,-16.56101
784,pretest_785,-18.196661
785,pretest_786,-16.836555
786,pretest_787,-29.067434
787,pretest_788,-16.836555
788,pretest_789,-18.196661
789,pretest_790,-12.795439
790,pretest_791,-18.196661
791,pretest_792,-26.677324
792,pretest_793,-28.12291
793,pretest_794,-12.716909
794,pretest_795,-19.36797
795,pretest_796,-26.02755
796,pretest_797,-21.986185
797,pretest_798,-18.196661
798,pretest_799,-16.784128
799,pretest_800,-16.836555
800,pretest_801,-18.00787
801,pretest_802,-16.836555
802,pretest_803,-12.795439
803,pretest_804,-32.15103
804,pretest_805,-19.36797
805,pretest_806,-18.196661
806,pretest_807,-18.196661
807,pretest_808,-26.819239
808,pretest_809,-17.280096
809,pretest_810,-18.196661
810,pretest_811,-18.196661
811,pretest_812,-12.795439
812,pretest_813,-16.836555
813,pretest_814,-12.716909
814,pretest_815,-19.36797
815,pretest_816,-16.836555
816,pretest_817,-16.836555
817,pretest_818,-12.716909
818,pretest_819,-16.836555
819,pretest_820,-18.196661
820,pretest_821,-18.00787
821,pretest_822,-18.00787
822,pretest_823,-20.805605
823,pretest_824,-18.196661
824,pretest_825,-14.580849
825,pretest_826,-14.444074
826,pretest_827,-18.196661
827,pretest_828,-13.065599
828,pretest_829,-27.972973
829,pretest_830,-13.023536
830,pretest_831,-22.533258
831,pretest_832,-27.999926
832,pretest_833,-18.196661
833,pretest_834,-19.36797
834,pretest_835,-18.196661
835,pretest_836,-16.836555
836,pretest_837,-16.836555
837,pretest_838,-16.836555
838,pretest_839,-16.836555
839,pretest_840,-13.785582
840,pretest_841,-6.9961348
841,pretest_842,-16.836555
842,pretest_843,-18.00787
843,pretest_844,-27.222183
844,pretest_845,-17.280096
845,pretest_846,-18.196661
846,pretest_847,-18.00787
847,pretest_848,-13.077411
848,pretest_849,-18.196661
849,pretest_850,-18.00787
850,pretest_851,-4.2873864
851,pretest_852,-16.836555
852,pretest_853,-31.065657
853,pretest_854,-28.393492
854,pretest_855,-18.196661
855,pretest_856,-19.36797
856,pretest_857,-18.196661
857,pretest_858,-18.196661
858,pretest_859,-16.836555
859,pretest_860,-18.196661
860,pretest_861,-14.714234
861,pretest_862,-13.065599
862,pretest_863,-34.735798
863,pretest_864,-13.065599
864,pretest_865,-19.36797
865,pretest_866,-31.982586
866,pretest_867,-21.651842
867,pretest_868,-18.196661
868,pretest_869,-16.56101
869,pretest_870,-32.488808
870,pretest_871,-18.196661
871,pretest_872,-13.065599
872,pretest_873,-18.00787
873,pretest_874,-18.00787
874,pretest_875,-16.836555
875,pretest_876,-18.00787
876,pretest_877,-22.448284
877,pretest_878,-16.836555
878,pretest_879,-12.716909
879,pretest_880,-16.836555
880,pretest_881,-18.196661
881,pretest_882,-18.196661
882,pretest_883,-16.836555
883,pretest_884,-16.836555
884,pretest_885,-18.196661
885,pretest_886,-13.065599
886,pretest_887,-27.222183
887,pretest_888,-12.795439
888,pretest_889,-16.836555
889,pretest_890,-18.196661
890,pretest_891,-18.196661
891,pretest_892,-12.795439
892,pretest_893,-18.867256
893,pretest_894,-18.196661
894,pretest_895,-12.107636
895,pretest_896,-14.444074
896,pretest_897,-18.196661
897,pretest_898,-21.586214
898,pretest_899,-27.85759
899,pretest_900,-16.836555
900,pretest_901,-26.951601
901,pretest_902,-14.444074
902,pretest_903,-24.05077
903,pretest_904,-13.065599
904,pretest_905,-16.959463
905,pretest_906,-16.836555
906,pretest_907,-18.00787
907,pretest_908,-16.836555
908,pretest_909,-18.196661
909,pretest_910,-22.46578
910,pretest_911,-29.506224
911,pretest_912,-18.196661
912,pretest_913,-18.196661
913,pretest_914,-18.196661
914,pretest_915,-29.052711
915,pretest_916,-21.586214
916,pretest_917,-18.209652
917,pretest_918,-19.36797
918,pretest_919,-16.836555
919,pretest_920,-26.91775
920,pretest_921,-18.196661
921,pretest_922,-18.00787
922,pretest_923,-12.98704
923,pretest_924,-12.929348
924,pretest_925,-23.337708
925,pretest_926,-27.222183
926,pretest_927,-16.836555
927,pretest_928,-12.98704
928,pretest_929,-13.785582
929,pretest_930,-18.196661
930,pretest_931,-16.836555
931,pretest_932,-12.716909
932,pretest_933,-14.714234
933,pretest_934,-20.110022
934,pretest_935,-16.836555
935,pretest_936,-18.196661
936,pretest_937,-27.972973
937,pretest_938,-18.196661
938,pretest_939,-20.513088
939,pretest_940,-18.196661
940,pretest_941,-12.716909
941,pretest_942,-23.459484
942,pretest_943,-22.721445
943,pretest_944,-16.836555
944,pretest_945,-16.836555
945,pretest_946,-19.36797
946,pretest_947,-16.836555
947,pretest_948,-22.721445
948,pretest_949,-18.196661
949,pretest_950,-19.36797
950,pretest_951,-13.065599
951,pretest_952,-16.836555
952,pretest_953,-18.196661
953,pretest_954,-18.196661
954,pretest_955,-18.196661
955,pretest_956,-29.861612
956,pretest_957,-18.196661
957,pretest_958,-12.795439
958,pretest_959,-21.810333
959,pretest_960,-2.70018
960,pretest_961,-20.513088
961,pretest_962,-5.4447384
962,pretest_963,-21.986185
963,pretest_964,-16.56101
964,pretest_965,-20.28536
965,pretest_966,-16.836555
966,pretest_967,-25.609138
967,pretest_968,-18.196661
968,pretest_969,-18.196661
969,pretest_970,-15.87762
970,pretest_971,-12.8902645
971,pretest_972,-16.836555
972,pretest_973,-18.196661
973,pretest_974,-21.19939
974,pretest_975,-16.836555
975,pretest_976,-24.267574
976,pretest_977,-18.196661
977,pretest_978,-2.70018
978,pretest_979,-16.836555
979,pretest_980,-18.196661
980,pretest_981,-13.065599
981,pretest_982,-18.196661
982,pretest_983,-16.836555
983,pretest_984,-19.36797
984,pretest_985,-24.267574
985,pretest_986,-18.196661
986,pretest_987,-17.990858
987,pretest_988,-19.36797
988,pretest_989,-12.929348
989,pretest_990,-30.998127
990,pretest_991,-18.00787
991,pretest_992,-36.572285
992,pretest_993,-18.196661
993,pretest_994,-27.972973
994,pretest_995,-12.98704
995,pretest_996,-18.196661
996,pretest_997,-18.196661
997,pretest_998,-19.341776
998,pretest_999,-16.005798
999,pretest_1000,-18.00787
1000,pretest_1001,-14.635676
1001,pretest_1002,-18.196661
1002,pretest_1003,-22.149302
1003,pretest_1004,-12.795439
1004,pretest_1005,-18.196661
1005,pretest_1006,-20.78324
1006,pretest_1007,-14.365544
1007,pretest_1008,-12.929348
1008,pretest_1009,-18.196661
1009,pretest_1010,-42.397694
1010,pretest_1011,-18.00787
1011,pretest_1012,-29.621603
1012,pretest_1013,-16.836555
1013,pretest_1014,-27.85759
1014,pretest_1015,-18.196661
1015,pretest_1016,-22.448284
1016,pretest_1017,-18.00787
1017,pretest_1018,-16.836555
1018,pretest_1019,-18.196661
1019,pretest_1020,-30.244408
1020,pretest_1021,-19.36797
1021,pretest_1022,-22.448284
1022,pretest_1023,-16.836555
1023,pretest_1024,-21.138672
1024,pretest_1025,-13.065599
1025,pretest_1026,-19.36797
1026,pretest_1027,-12.795439
1027,pretest_1028,-18.196661
1028,pretest_1029,-16.836555
1029,pretest_1030,-18.00787
1030,pretest_1031,-24.924376
1031,pretest_1032,-29.861612
1032,pretest_1033,-31.359781
1033,pretest_1034,-28.148312
1034,pretest_1035,-6.9961348
1035,pretest_1036,-20.28536
1036,pretest_1037,-15.434218
1037,pretest_1038,-12.795439
1038,pretest_1039,-16.56101
1039,pretest_1040,-16.836555
1040,pretest_1041,-16.836555
1041,pretest_1042,-16.56101
1042,pretest_1043,-18.43277
1043,pretest_1044,-19.36797
1044,pretest_1045,-22.448284
1045,pretest_1046,-21.81751
1046,pretest_1047,-27.335022
1047,pretest_1048,-28.393492
1048,pretest_1049,-16.836555
1049,pretest_1050,-19.36797
1050,pretest_1051,-16.836555
1051,pretest_1052,-27.222183
1052,pretest_1053,-18.196661
1053,pretest_1054,-19.36797
1054,pretest_1055,-20.805605
1055,pretest_1056,-24.924376
1056,pretest_1057,-19.36797
1057,pretest_1058,-17.177113
1058,pretest_1059,-18.196661
1059,pretest_1060,-16.836555
1060,pretest_1061,-16.836555
1061,pretest_1062,-23.337708
1062,pretest_1063,-18.867256
1063,pretest_1064,-16.83916
1064,pretest_1065,-18.00787
1065,pretest_1066,-18.196661
1066,pretest_1067,-16.836555
1067,pretest_1068,-23.634823
1068,pretest_1069,-19.36797
1069,pretest_1070,-18.196661
1070,pretest_1071,-16.784128
1071,pretest_1072,-12.795439
1072,pretest_1073,-19.36797
1073,pretest_1074,-18.196661
1074,pretest_1075,-29.0732
1075,pretest_1076,-13.4219885
1076,pretest_1077,-18.196661
1077,pretest_1078,-18.196661
1078,pretest_1079,-25.55185
1079,pretest_1080,-16.836555
1080,pretest_1081,-16.784128
1081,pretest_1082,-18.00787
1082,pretest_1083,-21.986185
1083,pretest_1084,-22.448284
1084,pretest_1085,-18.703104
1085,pretest_1086,-16.836555
1086,pretest_1087,-26.951601
1087,pretest_1088,-13.065599
1088,pretest_1089,-24.013727
1089,pretest_1090,-27.972973
1090,pretest_1091,-18.196661
1091,pretest_1092,-18.196661
1092,pretest_1093,-17.695944
1093,pretest_1094,-13.065599
1094,pretest_1095,-22.46578
1095,pretest_1096,-19.36797
1096,pretest_1097,-16.836555
1097,pretest_1098,-18.196661
1098,pretest_1099,-18.196661
1099,pretest_1100,-12.716909
1100,pretest_1101,-18.196661
1101,pretest_1102,-22.721445
1102,pretest_1103,-6.9961348
1103,pretest_1104,-6.9961348
1104,pretest_1105,-18.196661
1105,pretest_1106,-19.36797
1106,pretest_1107,-16.836555
1107,pretest_1108,-18.00787
1108,pretest_1109,-12.98704
1109,pretest_1110,-18.196661
1110,pretest_1111,-19.36797
1111,pretest_1112,-18.196661
1112,pretest_1113,-12.716909
1113,pretest_1114,-24.05077
1114,pretest_1115,-13.065599
1115,pretest_1116,-21.19939
1116,pretest_1117,-18.196661
1117,pretest_1118,-22.725674
1118,pretest_1119,-30.998127
1119,pretest_1120,-26.312521
1120,pretest_1121,-19.36797
1121,pretest_1122,-18.00787
1122,pretest_1123,-12.795439
1123,pretest_1124,-18.196661
1124,pretest_1125,-18.196661
1125,pretest_1126,-22.89678
1126,pretest_1127,-18.196661
1127,pretest_1128,-26.951601
1128,pretest_1129,-18.00787
1129,pretest_1130,-18.196661
1130,pretest_1131,-16.836555
1131,pretest_1132,-26.02755
1132,pretest_1133,-18.196661
1133,pretest_1134,-18.196661
1134,pretest_1135,-13.065599
1135,pretest_1136,-22.448284
1136,pretest_1137,-16.836555
1137,pretest_1138,-18.00787
1138,pretest_1139,-19.36797
1139,pretest_1140,-12.929348
1140,pretest_1141,-19.36797
1141,pretest_1142,-20.110022
1142,pretest_1143,-14.365544
1143,pretest_1144,-18.196661
1144,pretest_1145,-25.609138
1145,pretest_1146,-18.196661
1146,pretest_1147,-18.00787
1147,pretest_1148,-18.196661
1148,pretest_1149,-18.00787
1149,pretest_1150,-18.196661
1150,pretest_1151,-19.36797
1151,pretest_1152,-16.836555
1152,pretest_1153,-13.065599
1153,pretest_1154,-16.836555
1154,pretest_1155,-16.836555
1155,pretest_1156,-14.714234
1156,pretest_1157,-18.196661
1157,pretest_1158,-13.785582
1158,pretest_1159,-20.110022
1159,pretest_1160,-32.50658
1160,pretest_1161,-12.716909
1161,pretest_1162,-17.695944
1162,pretest_1163,-16.836555
1163,pretest_1164,-18.196661
1164,pretest_1165,-18.196661
1165,pretest_1166,-16.959463
1166,pretest_1167,-16.836555
1167,pretest_1168,-25.775116
1168,pretest_1169,-22.842415
1169,pretest_1170,-18.196661
1170,pretest_1171,-18.196661
1171,pretest_1172,-2.70018
1172,pretest_1173,-18.196661
1173,pretest_1174,-16.111397
1174,pretest_1175,-16.836555
1175,pretest_1176,-23.337708
1176,pretest_1177,-19.36797
1177,pretest_1178,-19.36797
1178,pretest_1179,-13.4219885
1179,pretest_1180,-16.836555
1180,pretest_1181,-18.196661
1181,pretest_1182,-13.065599
1182,pretest_1183,-31.263762
1183,pretest_1184,-18.196661
1184,pretest_1185,-18.196661
1185,pretest_1186,-18.196661
1186,pretest_1187,-18.196661
1187,pretest_1188,-18.196661
1188,pretest_1189,-16.836555
1189,pretest_1190,-13.785582
1190,pretest_1191,-18.196661
1191,pretest_1192,-23.337708
1192,pretest_1193,-19.36797
1193,pretest_1194,-16.836555
1194,pretest_1195,-18.196661
1195,pretest_1196,-16.836555
1196,pretest_1197,-28.479858
1197,pretest_1198,-18.196661
1198,pretest_1199,-25.695248
1199,pretest_1200,-20.110022
1200,pretest_1201,-16.836555
1201,pretest_1202,-12.929348
1202,pretest_1203,-24.545418
1203,pretest_1204,-16.836555
1204,pretest_1205,-19.36797
1205,pretest_1206,-18.196661
1206,pretest_1207,-18.823408
1207,pretest_1208,-18.196661
1208,pretest_1209,-12.282971
1209,pretest_1210,-16.836555
1210,pretest_1211,-20.110022
1211,pretest_1212,-22.898315
1212,pretest_1213,-22.448284
1213,pretest_1214,-19.36797
1214,pretest_1215,-27.972973
1215,pretest_1216,-18.196661
1216,pretest_1217,-16.836555
1217,pretest_1218,-19.36797
1218,pretest_1219,-13.931606
1219,pretest_1220,-18.196661
1220,pretest_1221,-23.337708
1221,pretest_1222,-16.836555
1222,pretest_1223,-16.836555
1223,pretest_1224,-16.959463
1224,pretest_1225,-16.836555
1225,pretest_1226,-19.36797
1226,pretest_1227,-24.90829
1227,pretest_1228,-21.586214
1228,pretest_1229,-12.716909
1229,pretest_1230,-16.836555
1230,pretest_1231,-29.94421
1231,pretest_1232,-31.59284
1232,pretest_1233,-18.00787
1233,pretest_1234,-12.795439
1234,pretest_1235,-18.00787
1235,pretest_1236,-18.196661
1236,pretest_1237,-18.00787
1237,pretest_1238,-27.43343
1238,pretest_1239,-12.98704
1239,pretest_1240,-18.196661
1240,pretest_1241,-16.836555
1241,pretest_1242,-12.795439
1242,pretest_1243,-18.00787
1243,pretest_1244,-16.836555
1244,pretest_1245,-13.065599
1245,pretest_1246,-24.894356
1246,pretest_1247,-18.196661
1247,pretest_1248,-16.836555
1248,pretest_1249,-18.00787
1249,pretest_1250,-17.695944
1250,pretest_1251,-30.86028
1251,pretest_1252,-16.836555
1252,pretest_1253,-13.065599
1253,pretest_1254,-31.47746
1254,pretest_1255,-17.695944
1255,pretest_1256,-14.714234
1256,pretest_1257,-16.836555
1257,pretest_1258,-22.842415
1258,pretest_1259,-16.836555
1259,pretest_1260,-25.506012
1260,pretest_1261,-18.196661
1261,pretest_1262,-12.716909
1262,pretest_1263,-18.196661
1263,pretest_1264,-16.836555
1264,pretest_1265,-18.196661
1265,pretest_1266,-30.244408
1266,pretest_1267,-16.836555
1267,pretest_1268,-12.795439
1268,pretest_1269,-18.196661
1269,pretest_1270,-27.85759
1270,pretest_1271,-12.795439
1271,pretest_1272,-16.836555
1272,pretest_1273,-12.716909
1273,pretest_1274,-27.85759
1274,pretest_1275,-18.196661
1275,pretest_1276,-18.196661
1276,pretest_1277,-6.9961348
1277,pretest_1278,-18.352966
1278,pretest_1279,-16.836555
1279,pretest_1280,-16.836555
1280,pretest_1281,-18.196661
1281,pretest_1282,-18.196661
1282,pretest_1283,-12.795439
1283,pretest_1284,-6.9961348
1284,pretest_1285,-19.341776
1285,pretest_1286,-20.28536
1286,pretest_1287,-27.972973
1287,pretest_1288,-18.867256
1288,pretest_1289,-6.9961348
1289,pretest_1290,-24.05077
1290,pretest_1291,-18.196661
1291,pretest_1292,-18.196661
1292,pretest_1293,-14.577983
1293,pretest_1294,-13.785582
1294,pretest_1295,-19.36797
1295,pretest_1296,-18.196661
1296,pretest_1297,-16.836555
1297,pretest_1298,-12.929348
1298,pretest_1299,-16.671448
1299,pretest_1300,-18.196661
1300,pretest_1301,-20.805605
1301,pretest_1302,-12.716909
1302,pretest_1303,-12.716909
1303,pretest_1304,-6.9961348
1304,pretest_1305,-16.836555
1305,pretest_1306,-12.282971
1306,pretest_1307,-29.302095
1307,pretest_1308,-16.836555
1308,pretest_1309,-18.196661
1309,pretest_1310,-16.836555
1310,pretest_1311,-32.19065
1311,pretest_1312,-27.85759
1312,pretest_1313,-24.267574
1313,pretest_1314,-19.768206
1314,pretest_1315,-13.065599
1315,pretest_1316,-23.337708
1316,pretest_1317,-12.716909
1317,pretest_1318,-6.9961348
1318,pretest_1319,-18.196661
1319,pretest_1320,-16.828396
1320,pretest_1321,-19.36797
1321,pretest_1322,-16.959463
1322,pretest_1323,-18.196661
1323,pretest_1324,-5.4447384
1324,pretest_1325,-12.282971
1325,pretest_1326,-16.836555
1326,pretest_1327,-22.370699
1327,pretest_1328,-18.43277
1328,pretest_1329,-19.36797
1329,pretest_1330,-18.196661
1330,pretest_1331,-27.335022
1331,pretest_1332,-18.196661
1332,pretest_1333,-12.716909
1333,pretest_1334,-5.4447384
1334,pretest_1335,-16.959463
1335,pretest_1336,-15.841709
1336,pretest_1337,-18.196661
1337,pretest_1338,-16.836555
1338,pretest_1339,-7.6995683
1339,pretest_1340,-18.196661
1340,pretest_1341,-18.00787
1341,pretest_1342,-28.12291
1342,pretest_1343,-12.716909
1343,pretest_1344,-19.36797
1344,pretest_1345,-26.819239
1345,pretest_1346,-29.933617
1346,pretest_1347,-16.959463
1347,pretest_1348,-18.196661
1348,pretest_1349,-26.91775
1349,pretest_1350,-23.337708
1350,pretest_1351,-18.196661
1351,pretest_1352,-28.479858
1352,pretest_1353,-13.065599
1353,pretest_1354,-18.196661
1354,pretest_1355,-18.608105
1355,pretest_1356,-21.986185
1356,pretest_1357,-22.448284
1357,pretest_1358,-26.951601
1358,pretest_1359,-16.836555
1359,pretest_1360,-31.842186
1360,pretest_1361,-18.196661
1361,pretest_1362,-18.196661
1362,pretest_1363,-22.62362
1363,pretest_1364,-16.704325
1364,pretest_1365,-24.986341
1365,pretest_1366,-13.065599
1366,pretest_1367,-27.222183
1367,pretest_1368,-18.196661
1368,pretest_1369,-29.933617
1369,pretest_1370,-18.196661
1370,pretest_1371,-18.196661
1371,pretest_1372,-16.836555
1372,pretest_1373,-17.491323
1373,pretest_1374,-18.196661
1374,pretest_1375,-18.209652
1375,pretest_1376,-27.935394
1376,pretest_1377,-19.36797
1377,pretest_1378,-18.867256
1378,pretest_1379,-18.196661
1379,pretest_1380,-19.36797
1380,pretest_1381,-19.36797
1381,pretest_1382,-24.272257
1382,pretest_1383,-25.695248
1383,pretest_1384,-12.929348
1384,pretest_1385,-19.36797
1385,pretest_1386,-16.836555
1386,pretest_1387,-27.972973
1387,pretest_1388,-16.836555
1388,pretest_1389,-16.836555
1389,pretest_1390,-14.365544
1390,pretest_1391,-13.065599
1391,pretest_1392,-19.36797
1392,pretest_1393,-18.196661
1393,pretest_1394,-22.533258
1394,pretest_1395,-6.9961348
1395,pretest_1396,-14.444074
1396,pretest_1397,-16.836555
1397,pretest_1398,-13.065599
1398,pretest_1399,-26.819239
1399,pretest_1400,-29.0732
1400,pretest_1401,-18.00787
1401,pretest_1402,-18.196661
1402,pretest_1403,-12.716909
1403,pretest_1404,-24.924376
1404,pretest_1405,-18.196661
1405,pretest_1406,-18.00787
1406,pretest_1407,-19.36797
1407,pretest_1408,-16.836555
1408,pretest_1409,-16.56101
1409,pretest_1410,-25.506012
1410,pretest_1411,-13.065599
1411,pretest_1412,-18.129276
1412,pretest_1413,-24.90829
1413,pretest_1414,-12.8902645
1414,pretest_1415,-27.141195
1415,pretest_1416,-22.842415
1416,pretest_1417,-13.065599
1417,pretest_1418,-12.716909
1418,pretest_1419,-18.196661
1419,pretest_1420,-18.196661
1420,pretest_1421,-16.836555
1421,pretest_1422,-12.795439
1422,pretest_1423,-16.836555
1423,pretest_1424,-12.716909
1424,pretest_1425,-16.836555
1425,pretest_1426,-16.836555
1426,pretest_1427,-12.716909
1427,pretest_1428,-16.836555
1428,pretest_1429,-12.795439
1429,pretest_1430,-22.89678
1430,pretest_1431,-13.785582
1431,pretest_1432,-16.836555
1432,pretest_1433,-18.196661
1433,pretest_1434,-20.400711
1434,pretest_1435,-18.196661
1435,pretest_1436,-18.196661
1436,pretest_1437,-19.36797
1437,pretest_1438,-33.655796
1438,pretest_1439,-16.836555
1439,pretest_1440,-16.836555
1440,pretest_1441,-18.196661
1441,pretest_1442,-17.695944
1442,pretest_1443,-19.36797
1443,pretest_1444,-19.36797
1444,pretest_1445,-18.196661
1445,pretest_1446,-12.929348
1446,pretest_1447,-18.196661
1447,pretest_1448,-18.196661
1448,pretest_1449,-12.795439
1449,pretest_1450,-12.795439
1450,pretest_1451,-12.282971
1451,pretest_1452,-16.784128
1452,pretest_1453,-18.196661
1453,pretest_1454,-23.337708
1454,pretest_1455,-18.196661
1455,pretest_1456,-19.36797
1456,pretest_1457,-16.836555
1457,pretest_1458,-16.385675
1458,pretest_1459,-20.28536
1459,pretest_1460,-16.56101
1460,pretest_1461,-24.924376
1461,pretest_1462,-16.836555
1462,pretest_1463,-14.714234
1463,pretest_1464,-18.196661
1464,pretest_1465,-21.586214
1465,pretest_1466,-18.196661
1466,pretest_1467,-19.911861
1467,pretest_1468,-16.836555
1468,pretest_1469,-31.922163
1469,pretest_1470,-18.00787
1470,pretest_1471,-12.795439
1471,pretest_1472,-22.533258
1472,pretest_1473,-5.4447384
1473,pretest_1474,-16.959463
1474,pretest_1475,-24.90829
1475,pretest_1476,-14.714234
1476,pretest_1477,-10.409131
1477,pretest_1478,-14.635676
1478,pretest_1479,-16.836555
1479,pretest_1480,-16.836555
1480,pretest_1481,-16.836555
1481,pretest_1482,-29.189184
1482,pretest_1483,-22.448284
1483,pretest_1484,-26.951601
1484,pretest_1485,-20.28536
1485,pretest_1486,-13.065599
1486,pretest_1487,-28.148312
1487,pretest_1488,-19.36797
1488,pretest_1489,-12.716909
1489,pretest_1490,-26.819239
1490,pretest_1491,-16.836555
1491,pretest_1492,-12.795439
1492,pretest_1493,-16.836555
1493,pretest_1494,-17.695944
1494,pretest_1495,-18.00787
1495,pretest_1496,-16.56101
1496,pretest_1497,-18.196661
1497,pretest_1498,-18.196661
1498,pretest_1499,-24.267574
1499,pretest_1500,-16.836555
1500,pretest_1501,-12.98704
1501,pretest_1502,-12.98704
1502,pretest_1503,-22.387499
1503,pretest_1504,-14.714234
1504,pretest_1505,-19.438208
1505,pretest_1506,-19.274782
1506,pretest_1507,-17.990858
1507,pretest_1508,-20.523561
1508,pretest_1509,-13.785582
1509,pretest_1510,-16.704325
1510,pretest_1511,-14.850979
1511,pretest_1512,-14.580849
1512,pretest_1513,-12.795439
1513,pretest_1514,-22.387499
1514,pretest_1515,-14.577983
1515,pretest_1516,-18.137987
1516,pretest_1517,-22.387499
1517,pretest_1518,-24.545418
1518,pretest_1519,-16.274042
1519,pretest_1520,-12.795439
1520,pretest_1521,-15.649521
1521,pretest_1522,-12.795439
1522,pretest_1523,-12.98704
1523,pretest_1524,-16.704325
1524,pretest_1525,-14.580849
1525,pretest_1526,-12.929348
1526,pretest_1527,-6.9961348
1527,pretest_1528,-18.137987
1528,pretest_1529,-18.56827
1529,pretest_1530,-6.9961348
1530,pretest_1531,-14.580849
1531,pretest_1532,-16.274042
1532,pretest_1533,-17.41084
1533,pretest_1534,-16.704325
1534,pretest_1535,-19.854795
1535,pretest_1536,-22.387499
1536,pretest_1537,-14.659378
1537,pretest_1538,-16.274042
1538,pretest_1539,-13.785582
1539,pretest_1540,-14.850979
1540,pretest_1541,-14.659378
1541,pretest_1542,-13.785582
1542,pretest_1543,-14.659378
1543,pretest_1544,-22.387499
1544,pretest_1545,-20.523561
1545,pretest_1546,-14.580849
1546,pretest_1547,-19.274782
1547,pretest_1548,-15.649521
1548,pretest_1549,-17.990858
1549,pretest_1550,-12.795439
1550,pretest_1551,-13.785582
1551,pretest_1552,-15.841709
1552,pretest_1553,-22.387499
1553,pretest_1554,-22.387499
1554,pretest_1555,-13.785582
1555,pretest_1556,-19.274782
1556,pretest_1557,-14.659378
1557,pretest_1558,-23.513042
1558,pretest_1559,-18.56827
1559,pretest_1560,-13.785582
1560,pretest_1561,-18.137987
1561,pretest_1562,-16.56101
1562,pretest_1563,-12.98704
1563,pretest_1564,-14.365544
1564,pretest_1565,-19.274782
1565,pretest_1566,-12.98704
1566,pretest_1567,-18.867256
1567,pretest_1568,-17.41084
1568,pretest_1569,-19.36797
1569,pretest_1570,-14.850979
1570,pretest_1571,-16.274042
1571,pretest_1572,-16.274042
1572,pretest_1573,-21.302149
1573,pretest_1574,-18.56827
1574,pretest_1575,-19.438208
1575,pretest_1576,-21.302149
1576,pretest_1577,-20.28536
1577,pretest_1578,-6.9961348
1578,pretest_1579,-18.137987
1579,pretest_1580,-16.704325
1580,pretest_1581,-22.387499
1581,pretest_1582,-19.438208
1582,pretest_1583,-18.137987
1583,pretest_1584,-18.56827
1584,pretest_1585,-14.635676
1585,pretest_1586,-19.854795
1586,pretest_1587,-16.704325
1587,pretest_1588,-12.98704
1588,pretest_1589,-19.438208
1589,pretest_1590,-22.387499
1590,pretest_1591,-27.972973
1591,pretest_1592,-22.387499
1592,pretest_1593,-24.760721
1593,pretest_1594,-15.841709
1594,pretest_1595,-18.304615
1595,pretest_1596,-19.438208
1596,pretest_1597,-12.98704
1597,pretest_1598,-16.704325
1598,pretest_1599,-20.523561
1599,pretest_1600,-18.137987
1600,pretest_1601,-12.795439
1601,pretest_1602,-13.065599
1602,pretest_1603,-16.109621
1603,pretest_1604,-22.387499
1604,pretest_1605,-16.274042
1605,pretest_1606,-6.9961348
1606,pretest_1607,-17.41084
1607,pretest_1608,-18.56827
1608,pretest_1609,-18.137987
1609,pretest_1610,-18.352966
1610,pretest_1611,-14.929539
1611,pretest_1612,-18.137987
1612,pretest_1613,-16.274042
1613,pretest_1614,-13.785582
1614,pretest_1615,-22.387499
1615,pretest_1616,-16.704325
1616,pretest_1617,-22.387499
1617,pretest_1618,-20.523561
1618,pretest_1619,-22.387499
1619,pretest_1620,-17.41084
1620,pretest_1621,-13.785582
1621,pretest_1622,-22.387499
1622,pretest_1623,-16.704325
1623,pretest_1624,-17.41084
1624,pretest_1625,-12.98704
1625,pretest_1626,-14.659378
1626,pretest_1627,-17.41084
1627,pretest_1628,-15.841709
1628,pretest_1629,-22.387499
1629,pretest_1630,-16.704325
1630,pretest_1631,-22.387499
1631,pretest_1632,-12.795439
1632,pretest_1633,-12.98704
1633,pretest_1634,-15.649521
1634,pretest_1635,-6.9961348
1635,pretest_1636,-12.716909
1636,pretest_1637,-16.704325
1637,pretest_1638,-22.387499
1638,pretest_1639,-16.274042
1639,pretest_1640,-12.795439
1640,pretest_1641,-15.841709
1641,pretest_1642,-19.911861
1642,pretest_1643,-12.282971
1643,pretest_1644,-17.705652
1644,pretest_1645,-12.98704
1645,pretest_1646,-14.850979
1646,pretest_1647,-19.274782
1647,pretest_1648,-18.56827
1648,pretest_1649,-22.387499
1649,pretest_1650,-19.438208
1650,pretest_1651,-12.716909
1651,pretest_1652,-17.41084
1652,pretest_1653,-13.785582
1653,pretest_1654,-16.274042
1654,pretest_1655,-16.274042
1655,pretest_1656,-12.98704
1656,pretest_1657,-19.854795
1657,pretest_1658,-17.705652
1658,pretest_1659,-14.850979
1659,pretest_1660,-19.438208
1660,pretest_1661,-12.795439
1661,pretest_1662,-21.302149
1662,pretest_1663,-22.387499
1663,pretest_1664,-19.438208
1664,pretest_1665,-13.065599
1665,pretest_1666,-20.523561
1666,pretest_1667,-12.98704
1667,pretest_1668,-16.704325
1668,pretest_1669,-13.065599
1669,pretest_1670,-22.387499
1670,pretest_1671,-22.387499
1671,pretest_1672,-18.56827
1672,pretest_1673,-18.56827
1673,pretest_1674,-12.98704
1674,pretest_1675,-22.387499
1675,pretest_1676,-19.438208
1676,pretest_1677,-17.41084
1677,pretest_1678,-16.274042
1678,pretest_1679,-14.580849
1679,pretest_1680,-14.850979
1680,pretest_1681,-28.148312
1681,pretest_1682,-17.41084
1682,pretest_1683,-6.9961348
1683,pretest_1684,-17.990858
1684,pretest_1685,-15.841709
1685,pretest_1686,-12.98704
1686,pretest_1687,-19.274782
1687,pretest_1688,-12.716909
1688,pretest_1689,-16.704325
1689,pretest_1690,-15.841709
1690,pretest_1691,-12.795439
1691,pretest_1692,-12.98704
1692,pretest_1693,-14.659378
1693,pretest_1694,-18.137987
1694,pretest_1695,-19.274782
1695,pretest_1696,-21.302149
1696,pretest_1697,-12.98704
1697,pretest_1698,-15.649521
1698,pretest_1699,-26.487856
1699,pretest_1700,-12.795439
1700,pretest_1701,-6.9961348
1701,pretest_1702,-13.785582
1702,pretest_1703,-18.56827
1703,pretest_1704,-12.716909
1704,pretest_1705,-24.272257
1705,pretest_1706,-16.704325
1706,pretest_1707,-12.716909
1707,pretest_1708,-19.274782
1708,pretest_1709,-15.841709
1709,pretest_1710,-13.065599
1710,pretest_1711,-19.274782
1711,pretest_1712,-12.795439
1712,pretest_1713,-18.56827
1713,pretest_1714,-14.659378
1714,pretest_1715,-21.302149
1715,pretest_1716,-18.56827
1716,pretest_1717,-15.649521
1717,pretest_1718,-6.9961348
1718,pretest_1719,-15.841709
1719,pretest_1720,-18.209652
1720,pretest_1721,-16.704325
1721,pretest_1722,-18.56827
1722,pretest_1723,-23.46759
1723,pretest_1724,-17.41084
1724,pretest_1725,-15.649521
1725,pretest_1726,-14.850979
1726,pretest_1727,-12.795439
1727,pretest_1728,-22.387499
1728,pretest_1729,-22.387499
1729,pretest_1730,-12.98704
1730,pretest_1731,-16.704325
1731,pretest_1732,-19.854795
1732,pretest_1733,-17.705652
1733,pretest_1734,-6.9961348
1734,pretest_1735,-17.41084
1735,pretest_1736,-17.990858
1736,pretest_1737,-19.438208
1737,pretest_1738,-13.785582
1738,pretest_1739,-16.274042
1739,pretest_1740,-15.841709
1740,pretest_1741,-17.41084
1741,pretest_1742,-15.841709
1742,pretest_1743,-16.959463
1743,pretest_1744,-12.98704
1744,pretest_1745,-17.41084
1745,pretest_1746,-27.935394
1746,pretest_1747,-13.065599
1747,pretest_1748,-19.274782
1748,pretest_1749,-22.387499
1749,pretest_1750,-18.56827
1750,pretest_1751,-20.523561
1751,pretest_1752,-12.795439
1752,pretest_1753,-20.523561
1753,pretest_1754,-14.714234
1754,pretest_1755,-22.387499
1755,pretest_1756,-19.274782
1756,pretest_1757,-16.274042
1757,pretest_1758,-17.990858
1758,pretest_1759,-18.56827
1759,pretest_1760,-14.850979
1760,pretest_1761,-31.221712
1761,pretest_1762,-34.929615
1762,pretest_1763,-18.56827
1763,pretest_1764,-12.716909
1764,pretest_1765,-12.98704
1765,pretest_1766,-19.438208
1766,pretest_1767,-20.523561
1767,pretest_1768,-20.523561
1768,pretest_1769,-22.387499
1769,pretest_1770,-17.41084
1770,pretest_1771,-15.841709
1771,pretest_1772,-22.387499
1772,pretest_1773,-18.56827
1773,pretest_1774,-12.98704
1774,pretest_1775,-20.523561
1775,pretest_1776,-16.704325
1776,pretest_1777,-15.841709
1777,pretest_1778,-22.387499
1778,pretest_1779,-22.387499
1779,pretest_1780,-15.649521
1780,pretest_1781,-12.716909
1781,pretest_1782,-21.302149
1782,pretest_1783,-19.274782
1783,pretest_1784,-29.621603
1784,pretest_1785,-19.274782
1785,pretest_1786,-18.196661
1786,pretest_1787,-6.9961348
1787,pretest_1788,-13.785582
1788,pretest_1789,-15.841709
1789,pretest_1790,-19.274782
1790,pretest_1791,-16.274042
1791,pretest_1792,-18.56827
1792,pretest_1793,-18.196661
1793,pretest_1794,-20.523561
1794,pretest_1795,-22.387499
1795,pretest_1796,-13.785582
1796,pretest_1797,-18.00787
1797,pretest_1798,-13.785582
1798,pretest_1799,-12.98704
1799,pretest_1800,-17.41084
1800,pretest_1801,-18.608105
1801,pretest_1802,-19.761372
1802,pretest_1803,-27.972973
1803,pretest_1804,-12.795439
1804,pretest_1805,-15.649521
1805,pretest_1806,-17.41084
1806,pretest_1807,-19.274782
1807,pretest_1808,-12.795439
1808,pretest_1809,-14.444074
1809,pretest_1810,-12.795439
1810,pretest_1811,-19.274782
1811,pretest_1812,-22.387499
1812,pretest_1813,-12.98704
1813,pretest_1814,-22.387499
1814,pretest_1815,-22.387499
1815,pretest_1816,-22.387499
1816,pretest_1817,-20.523561
1817,pretest_1818,-16.56101
1818,pretest_1819,-16.274042
1819,pretest_1820,-12.98704
1820,pretest_1821,-18.56827
1821,pretest_1822,-2.70018
1822,pretest_1823,-6.9961348
1823,pretest_1824,-13.065599
1824,pretest_1825,-16.959463
1825,pretest_1826,-19.274782
1826,pretest_1827,-16.704325
1827,pretest_1828,-12.716909
1828,pretest_1829,-21.302149
1829,pretest_1830,-12.795439
1830,pretest_1831,-2.70018
1831,pretest_1832,-21.302149
1832,pretest_1833,-12.795439
1833,pretest_1834,-18.56827
1834,pretest_1835,-15.649521
1835,pretest_1836,-15.649521
1836,pretest_1837,-12.795439
1837,pretest_1838,-22.387499
1838,pretest_1839,-15.434218
1839,pretest_1840,-21.302149
1840,pretest_1841,-22.387499
1841,pretest_1842,-22.387499
1842,pretest_1843,-17.41084
1843,pretest_1844,-12.98704
1844,pretest_1845,-22.387499
1845,pretest_1846,-22.387499
1846,pretest_1847,-19.274782
1847,pretest_1848,-16.56101
1848,pretest_1849,-20.523561
1849,pretest_1850,-15.841709
1850,pretest_1851,-22.842415
1851,pretest_1852,-18.424955
1852,pretest_1853,-16.56101
1853,pretest_1854,-13.065599
1854,pretest_1855,-28.148312
1855,pretest_1856,-17.41084
1856,pretest_1857,-15.841709
1857,pretest_1858,-18.823408
1858,pretest_1859,-13.785582
1859,pretest_1860,-30.119549
1860,pretest_1861,-15.841709
1861,pretest_1862,-18.352966
1862,pretest_1863,-12.716909
1863,pretest_1864,-12.200736
1864,pretest_1865,-20.523561
1865,pretest_1866,-17.705652
1866,pretest_1867,-17.41084
1867,pretest_1868,-20.523561
1868,pretest_1869,-18.137987
1869,pretest_1870,-22.387499
1870,pretest_1871,-18.56827
1871,pretest_1872,-15.247006
1872,pretest_1873,-18.56827
1873,pretest_1874,-12.98704
1874,pretest_1875,-25.16168
1875,pretest_1876,-14.850979
1876,pretest_1877,-14.659378
1877,pretest_1878,-20.523561
1878,pretest_1879,-16.704325
1879,pretest_1880,-18.137987
1880,pretest_1881,-17.396152
1881,pretest_1882,-22.387499
1882,pretest_1883,-26.256857
1883,pretest_1884,-12.98704
1884,pretest_1885,-18.56827
1885,pretest_1886,-15.841709
1886,pretest_1887,-13.785582
1887,pretest_1888,-17.705652
1888,pretest_1889,-19.438208
1889,pretest_1890,-16.704325
1890,pretest_1891,-13.785582
1891,pretest_1892,-16.704325
1892,pretest_1893,-16.704325
1893,pretest_1894,-17.41084
1894,pretest_1895,-12.98704
1895,pretest_1896,-12.795439
1896,pretest_1897,-13.065599
1897,pretest_1898,-19.36797
1898,pretest_1899,-22.387499
1899,pretest_1900,-19.438208
1900,pretest_1901,-16.704325
1901,pretest_1902,-22.387499
1902,pretest_1903,-6.9961348
1903,pretest_1904,-16.704325
1904,pretest_1905,-27.972973
1905,pretest_1906,-22.387499
1906,pretest_1907,-16.274042
1907,pretest_1908,-28.148312
1908,pretest_1909,-22.387499
1909,pretest_1910,-12.795439
1910,pretest_1911,-12.795439
1911,pretest_1912,-25.506012
1912,pretest_1913,-19.274782
1913,pretest_1914,-19.438208
1914,pretest_1915,-12.929348
1915,pretest_1916,-6.9961348
1916,pretest_1917,-19.274782
1917,pretest_1918,-14.659378
1918,pretest_1919,-14.850979
1919,pretest_1920,-21.302149
1920,pretest_1921,-13.785582
1921,pretest_1922,-17.41084
1922,pretest_1923,-28.148312
1923,pretest_1924,-12.98704
1924,pretest_1925,-17.41084
1925,pretest_1926,-28.148312
1926,pretest_1927,-16.274042
1927,pretest_1928,-22.89678
1928,pretest_1929,-13.065599
1929,pretest_1930,-19.438208
1930,pretest_1931,-21.302149
1931,pretest_1932,-22.387499
1932,pretest_1933,-15.841709
1933,pretest_1934,-13.785582
1934,pretest_1935,-6.9961348
1935,pretest_1936,-21.302149
1936,pretest_1937,-19.438208
1937,pretest_1938,-18.56827
1938,pretest_1939,-13.785582
1939,pretest_1940,-21.302149
1940,pretest_1941,-12.795439
1941,pretest_1942,-14.850979
1942,pretest_1943,-17.990858
1943,pretest_1944,-14.444074
1944,pretest_1945,-12.716909
1945,pretest_1946,-22.387499
1946,pretest_1947,-13.785582
1947,pretest_1948,-17.41084
1948,pretest_1949,-14.444074
1949,pretest_1950,-14.659378
1950,pretest_1951,-19.438208
1951,pretest_1952,-20.888924
1952,pretest_1953,-19.36797
1953,pretest_1954,-18.137987
1954,pretest_1955,-22.387499
1955,pretest_1956,-15.649521
1956,pretest_1957,-12.929348
1957,pretest_1958,-13.065599
1958,pretest_1959,-21.302149
1959,pretest_1960,-14.850979
1960,pretest_1961,-30.119549
1961,pretest_1962,-14.929539
1962,pretest_1963,-22.387499
1963,pretest_1964,-21.81085
1964,pretest_1965,-19.438208
1965,pretest_1966,-21.302149
1966,pretest_1967,-6.9961348
1967,pretest_1968,-12.795439
1968,pretest_1969,-18.56827
1969,pretest_1970,-16.959463
1970,pretest_1971,-27.85759
1971,pretest_1972,-29.506224
1972,pretest_1973,-12.98704
1973,pretest_1974,-16.704325
1974,pretest_1975,-22.387499
1975,pretest_1976,-19.438208
1976,pretest_1977,-22.387499
1977,pretest_1978,-19.36797
1978,pretest_1979,-16.704325
1979,pretest_1980,-16.704325
1980,pretest_1981,-14.659378
1981,pretest_1982,-18.137987
1982,pretest_1983,-16.274042
1983,pretest_1984,-22.387499
1984,pretest_1985,-16.704325
1985,pretest_1986,-12.98704
1986,pretest_1987,-19.274782
1987,pretest_1988,-22.387499
1988,pretest_1989,-14.850979
1989,pretest_1990,-19.438208
1990,pretest_1991,-15.679339
1991,pretest_1992,-17.41084
1992,pretest_1993,-6.9961348
1993,pretest_1994,-12.795439
1994,pretest_1995,-16.274042
1995,pretest_1996,-17.705652
1996,pretest_1997,-23.513042
1997,pretest_1998,-16.704325
1998,pretest_1999,-22.387499
1999,pretest_2000,-6.9961348
